iteration,epoch,method,method_variant,estimator,env_id,suite,seed,trainable,did_update,env_steps,batch_env_steps,episodes_in_batch,episodes_in_epoch,num_workers,parallel_rollouts,train_return_mean,train_return_std,train_len_mean,ep_return_mean,ep_return_std,ep_len_mean,policy_loss_before,policy_loss_after,value_loss_before,value_loss_after,entropy,approx_kl,line_search_success,cg_norm,clip_fraction,kl_coef,value_explained_variance_before,value_explained_variance_after,collect_time_sec,update_time_sec,checkpoint_time_sec,wall_time_sec
1,1,natural_pg,trpo_paper,trpo_paper,Hopper-v5,mujoco,2,1,1.0,1000333,1000333,16459,16459,12,1,63.73084983759471,47.95180044446631,60.77726471839115,63.73084983759471,47.95180044446631,60.77726471839115,33.07766342163086,33.23440170288086,nan,nan,2.7568154335021973,0.0011275130091235042,nan,2.228297710418701,nan,nan,nan,nan,100.57745218276978,0.8484861850738525,0.0,101.42595195770264
2,2,natural_pg,trpo_paper,trpo_paper,Hopper-v5,mujoco,2,1,1.0,2000772,1000439,15043,15043,12,1,75.4022971265639,51.12506669396798,66.50528485009639,75.4022971265639,51.12506669396798,66.50528485009639,38.235877990722656,38.3697395324707,nan,nan,2.749540328979492,0.0009475247352384031,nan,2.3836894035339355,nan,nan,nan,nan,100.49299669265747,0.5590736865997314,0.0,101.05207657814026
3,3,natural_pg,trpo_paper,trpo_paper,Hopper-v5,mujoco,2,1,1.0,3001411,1000639,13949,13949,12,1,86.88387663686106,52.14881432608912,71.73553659760556,86.88387663686106,52.14881432608912,71.73553659760556,42.85081481933594,42.9637451171875,nan,nan,2.7426178455352783,0.0007831536349840462,nan,2.5218825340270996,nan,nan,nan,nan,100.50130701065063,0.5567491054534912,0.0,101.05806064605713
4,4,natural_pg,trpo_paper,trpo_paper,Hopper-v5,mujoco,2,1,1.0,4001779,1000368,13051,13051,12,1,97.26877842700263,51.150200524493194,76.65067810895717,97.26877842700263,51.150200524493194,76.65067810895717,46.48596954345703,46.571319580078125,nan,nan,2.7346765995025635,0.0005741537897847593,nan,2.5125811100006104,nan,nan,nan,nan,100.48878598213196,0.5585892200469971,0.0,101.04738020896912
5,5,natural_pg,trpo_paper,trpo_paper,Hopper-v5,mujoco,2,1,1.0,5002344,1000565,12588,12588,12,1,104.59963356502107,50.90215247709186,79.48562122656499,104.59963356502107,50.90215247709186,79.48562122656499,49.31536865234375,49.37653732299805,nan,nan,2.7280874252319336,0.00038456579204648733,nan,2.611377716064453,nan,nan,nan,nan,100.25085830688477,0.5569734573364258,0.0,100.80783724784851
6,6,natural_pg,trpo_paper,trpo_paper,Hopper-v5,mujoco,2,1,1.0,6003004,1000660,12226,12226,12,1,110.20069231638854,49.81435109374474,81.84688369049566,110.20069231638854,49.81435109374474,81.84688369049566,51.16704177856445,51.21033477783203,nan,nan,2.7240185737609863,0.0002662715851329267,nan,2.3201510906219482,nan,nan,nan,nan,100.55897736549377,0.5556120872497559,0.0,101.11459350585938
7,7,natural_pg,trpo_paper,trpo_paper,Hopper-v5,mujoco,2,1,1.0,7003452,1000448,11954,11954,12,1,114.70552201886389,48.91692607997464,83.69148402208465,114.70552201886389,48.91692607997464,83.69148402208465,52.624000549316406,52.661590576171875,nan,nan,2.7183451652526855,0.00021974505216348916,nan,2.3708338737487793,nan,nan,nan,nan,100.40393567085266,0.5589931011199951,0.0,100.96293377876282
8,8,natural_pg,trpo_paper,trpo_paper,Hopper-v5,mujoco,2,1,1.0,8004060,1000608,11742,11742,12,1,118.08118908899654,50.13666806252032,85.21614716402657,118.08118908899654,50.13666806252032,85.21614716402657,53.92533493041992,53.961997985839844,nan,nan,2.7162928581237793,0.00021587904484476894,nan,2.3080174922943115,nan,nan,nan,nan,100.81779766082764,0.5575864315032959,0.0,101.37538886070251
9,9,natural_pg,trpo_paper,trpo_paper,Hopper-v5,mujoco,2,1,1.0,9004509,1000449,11554,11554,12,1,121.26258032755302,50.0902439311406,86.58897351566557,121.26258032755302,50.0902439311406,86.58897351566557,55.00838088989258,55.04365921020508,nan,nan,2.713017702102661,0.00021104878396727145,nan,2.1960325241088867,nan,nan,nan,nan,100.44373440742493,0.5604474544525146,0.0,101.00418734550476
10,10,natural_pg,trpo_paper,trpo_paper,Hopper-v5,mujoco,2,1,1.0,10005144,1000635,11255,11255,12,1,126.35308760674782,51.17609653586856,88.90581963571746,126.35308760674782,51.17609653586856,88.90581963571746,56.78703308105469,56.83055114746094,nan,nan,2.7119853496551514,0.00027078978018835187,nan,2.2457263469696045,nan,nan,nan,nan,100.5444986820221,0.5576846599578857,0.0,101.10218787193298
11,11,natural_pg,trpo_paper,trpo_paper,Hopper-v5,mujoco,2,1,1.0,11005836,1000692,11054,11054,12,1,129.94504263029984,53.10432926553686,90.5275918219649,129.94504263029984,53.10432926553686,90.5275918219649,58.14400863647461,58.18251037597656,nan,nan,2.710942029953003,0.00023497079382650554,nan,2.199826717376709,nan,nan,nan,nan,100.8012306690216,0.5566365718841553,0.0,101.35787153244019
12,12,natural_pg,trpo_paper,trpo_paper,Hopper-v5,mujoco,2,1,1.0,12006741,1000905,10780,10780,12,1,134.8108893010895,54.87793632550948,92.84833024118738,134.8108893010895,54.87793632550948,92.84833024118738,59.8961067199707,59.9371452331543,nan,nan,2.710367441177368,0.00024860145640559494,nan,2.2969095706939697,nan,nan,nan,nan,100.59990310668945,0.5580987930297852,0.0,101.15800666809082
13,13,natural_pg,trpo_paper,trpo_paper,Hopper-v5,mujoco,2,1,1.0,13007082,1000341,10509,10509,12,1,140.4140128186365,57.42844292700326,95.18898087353696,140.4140128186365,57.42844292700326,95.18898087353696,61.979331970214844,62.028202056884766,nan,nan,2.710291624069214,0.00030014244839549065,nan,2.4512696266174316,nan,nan,nan,nan,100.64325785636902,0.5573666095733643,0.0,101.20062899589539
14,14,natural_pg,trpo_paper,trpo_paper,Hopper-v5,mujoco,2,1,1.0,14007820,1000738,10215,10215,12,1,146.48389485778625,59.6015752776634,97.96749877630936,146.48389485778625,59.6015752776634,97.96749877630936,64.0521240234375,64.10556030273438,nan,nan,2.7127997875213623,0.00032491289312019944,nan,2.624617338180542,nan,nan,nan,nan,100.73246240615845,0.5584309101104736,0.0,101.29089736938477
15,15,natural_pg,trpo_paper,trpo_paper,Hopper-v5,mujoco,2,1,1.0,15008445,1000625,9947,9947,12,1,153.49589356764497,62.77540273524565,100.59565698200463,153.49589356764497,62.77540273524565,100.59565698200463,66.77130889892578,66.83067321777344,nan,nan,2.712048053741455,0.00036643128260038793,nan,2.6682350635528564,nan,nan,nan,nan,100.37427926063538,0.5572910308837891,0.0,100.93157458305359
16,16,natural_pg,trpo_paper,trpo_paper,Hopper-v5,mujoco,2,1,1.0,16009089,1000644,9698,9698,12,1,160.87642025828157,64.0263859080246,103.18044957723242,160.87642025828157,64.0263859080246,103.18044957723242,69.21857452392578,69.27485656738281,nan,nan,2.7137794494628906,0.0003447217750363052,nan,2.6628143787384033,nan,nan,nan,nan,100.57636976242065,0.5590941905975342,0.0,101.13546872138977
17,17,natural_pg,trpo_paper,trpo_paper,Hopper-v5,mujoco,2,1,1.0,17009891,1000802,9498,9498,12,1,167.65531771184288,64.8252512107625,105.3697620551695,167.65531771184288,64.8252512107625,105.3697620551695,71.54551696777344,71.60691833496094,nan,nan,2.710698366165161,0.0003700038942042738,nan,2.894071102142334,nan,nan,nan,nan,100.51219081878662,0.5589759349822998,0.0,101.0711715221405
18,18,natural_pg,trpo_paper,trpo_paper,Hopper-v5,mujoco,2,1,1.0,18010684,1000793,9309,9309,12,1,174.82332278376018,65.96168616356121,107.50811043076592,174.82332278376018,65.96168616356121,107.50811043076592,74.00082397460938,74.06343078613281,nan,nan,2.7042007446289062,0.00038601382402703166,nan,2.8020615577697754,nan,nan,nan,nan,100.39967751502991,0.5623006820678711,0.0,100.96198201179504
19,19,natural_pg,trpo_paper,trpo_paper,Hopper-v5,mujoco,2,1,1.0,19011307,1000623,9055,9055,12,1,183.0969287038954,65.38772002077253,110.5050248481502,183.0969287038954,65.38772002077253,110.5050248481502,76.47770690917969,76.52677154541016,nan,nan,2.6991777420043945,0.0003021066077053547,nan,2.4760513305664062,nan,nan,nan,nan,100.13917398452759,0.5558786392211914,0.0,100.69505739212036
20,20,natural_pg,trpo_paper,trpo_paper,Hopper-v5,mujoco,2,1,1.0,20012149,1000842,8868,8868,12,1,190.80990299173237,64.96438313111646,112.85994587280108,190.80990299173237,64.96438313111646,112.85994587280108,78.8796157836914,78.941650390625,nan,nan,2.6934921741485596,0.0003848630585707724,nan,2.7570886611938477,nan,nan,nan,nan,100.4137065410614,0.5559167861938477,0.0,100.96962714195251
21,21,natural_pg,trpo_paper,trpo_paper,Hopper-v5,mujoco,2,1,1.0,21012728,1000579,8758,8758,12,1,197.87237456652474,63.0732545737739,114.24743092030144,197.87237456652474,63.0732545737739,114.24743092030144,81.1009750366211,81.15921783447266,nan,nan,2.6870152950286865,0.000374004477635026,nan,2.412884473800659,nan,nan,nan,nan,100.5081000328064,0.5579941272735596,0.0,101.06609869003296
22,22,natural_pg,trpo_paper,trpo_paper,Hopper-v5,mujoco,2,1,1.0,22013381,1000653,8695,8695,12,1,203.30576211450222,60.66124995370634,115.08372627947097,203.30576211450222,60.66124995370634,115.08372627947097,82.80912780761719,82.85750579833984,nan,nan,2.6803321838378906,0.00029737575096078217,nan,2.4451260566711426,nan,nan,nan,nan,99.99010491371155,0.5567920207977295,0.0,100.5469012260437
23,23,natural_pg,trpo_paper,trpo_paper,Hopper-v5,mujoco,2,1,1.0,23014067,1000686,8560,8560,12,1,209.89562441976423,59.44149682628616,116.90257009345794,209.89562441976423,59.44149682628616,116.90257009345794,84.86154174804688,84.90546417236328,nan,nan,2.6799540519714355,0.00026856837212108076,nan,2.361393690109253,nan,nan,nan,nan,100.30703353881836,0.556847095489502,0.0,100.86388492584229
24,24,natural_pg,trpo_paper,trpo_paper,Hopper-v5,mujoco,2,1,1.0,24014745,1000678,8522,8522,12,1,213.69753740516668,57.47925845985859,117.42290542126261,213.69753740516668,57.47925845985859,117.42290542126261,86.00112915039062,86.04608917236328,nan,nan,2.67793869972229,0.000290130905341357,nan,2.0977702140808105,nan,nan,nan,nan,100.17409253120422,0.5613811016082764,0.0,100.73548126220703
25,25,natural_pg,trpo_paper,trpo_paper,Hopper-v5,mujoco,2,1,1.0,25015329,1000584,8434,8434,12,1,219.01856105135167,56.30641723236458,118.63694569599241,219.01856105135167,56.30641723236458,118.63694569599241,87.72457122802734,87.75869750976562,nan,nan,2.6738314628601074,0.0002143465681001544,nan,1.9595998525619507,nan,nan,nan,nan,99.6579201221466,0.5579946041107178,0.003106832504272461,100.21902847290039
26,26,natural_pg,trpo_paper,trpo_paper,Hopper-v5,mujoco,2,1,1.0,26015907,1000578,8355,8355,12,1,223.63131744690557,54.49059753625042,119.75798922800718,223.63131744690557,54.49059753625042,119.75798922800718,89.09071350097656,89.1285629272461,nan,nan,2.6709234714508057,0.00023759460600558668,nan,2.0834224224090576,nan,nan,nan,nan,99.97366547584534,0.5577459335327148,0.0,100.53141498565674
27,27,natural_pg,trpo_paper,trpo_paper,Hopper-v5,mujoco,2,1,1.0,27016605,1000698,8337,8337,12,1,227.40512954178027,54.61719063894688,120.03094638359121,227.40512954178027,54.61719063894688,120.03094638359121,90.63274383544922,90.67206573486328,nan,nan,2.6658523082733154,0.0002475182991474867,nan,2.0711467266082764,nan,nan,nan,nan,100.0008761882782,0.5602569580078125,0.0,100.56113767623901
28,28,natural_pg,trpo_paper,trpo_paper,Hopper-v5,mujoco,2,1,1.0,28017203,1000598,8243,8243,12,1,233.26779409831073,53.8016701527588,121.38760160135872,233.26779409831073,53.8016701527588,121.38760160135872,92.51122283935547,92.5489730834961,nan,nan,2.6648354530334473,0.00023573952785227448,nan,2.066826343536377,nan,nan,nan,nan,99.60561943054199,0.5580465793609619,0.0,100.16368293762207
29,29,natural_pg,trpo_paper,trpo_paper,Hopper-v5,mujoco,2,1,1.0,29018135,1000932,8188,8188,12,1,238.3522395438252,54.94830752175515,122.2437713727406,238.3522395438252,54.94830752175515,122.2437713727406,94.43089294433594,94.47853088378906,nan,nan,2.6635689735412598,0.0003043533652089536,nan,2.204824447631836,nan,nan,nan,nan,99.82719492912292,0.5572326183319092,0.0,100.38443183898926
30,30,natural_pg,trpo_paper,trpo_paper,Hopper-v5,mujoco,2,1,1.0,30018958,1000823,8134,8134,12,1,243.3027445236589,54.24351708895183,123.04192279321367,243.3027445236589,54.24351708895183,123.04192279321367,96.1618881225586,96.21007537841797,nan,nan,2.6602673530578613,0.0003155840968247503,nan,2.0638723373413086,nan,nan,nan,nan,99.81317353248596,0.5570166110992432,0.0,100.37019419670105
31,31,natural_pg,trpo_paper,trpo_paper,Hopper-v5,mujoco,2,1,1.0,31019552,1000594,8074,8074,12,1,248.5276301509467,55.39159496882767,123.92791676987862,248.5276301509467,55.39159496882767,123.92791676987862,98.17890930175781,98.2245864868164,nan,nan,2.656367063522339,0.00030458878609351814,nan,1.8652106523513794,nan,nan,nan,nan,99.65852999687195,0.5575354099273682,0.0,100.21606969833374
32,32,natural_pg,trpo_paper,trpo_paper,Hopper-v5,mujoco,2,1,1.0,32020212,1000660,7964,7964,12,1,255.52832205801127,54.888466907392626,125.64791562029131,255.52832205801127,54.888466907392626,125.64791562029131,100.47306060791016,100.5109634399414,nan,nan,2.655311346054077,0.00024069659411907196,nan,1.9788957834243774,nan,nan,nan,nan,99.6917941570282,0.5559237003326416,0.0,100.24772262573242
33,33,natural_pg,trpo_paper,trpo_paper,Hopper-v5,mujoco,2,1,1.0,33020918,1000706,7924,7924,12,1,260.00059252255915,56.37460779163558,126.28798586572438,260.00059252255915,56.37460779163558,126.28798586572438,102.26339721679688,102.31108856201172,nan,nan,2.6551244258880615,0.00030127886566333473,nan,2.2828454971313477,nan,nan,nan,nan,99.28768944740295,0.5551483631134033,0.0,99.84284234046936
34,34,natural_pg,trpo_paper,trpo_paper,Hopper-v5,mujoco,2,1,1.0,34021651,1000733,7868,7868,12,1,265.1395336763757,55.011919846175694,127.19026436197255,265.1395336763757,55.011919846175694,127.19026436197255,103.95497131347656,103.99473571777344,nan,nan,2.6527135372161865,0.0002554909442551434,nan,1.9881659746170044,nan,nan,nan,nan,99.64502096176147,0.555617094039917,0.0,100.2006425857544
35,35,natural_pg,trpo_paper,trpo_paper,Hopper-v5,mujoco,2,1,1.0,35022195,1000544,7782,7782,12,1,271.3988461663833,54.984282100939,128.5715754304806,271.3988461663833,54.984282100939,128.5715754304806,106.14108276367188,106.17768859863281,nan,nan,2.650700330734253,0.00023086961300577968,nan,2.009002208709717,nan,nan,nan,nan,99.16824054718018,0.5585677623748779,0.0,99.72681427001953
36,36,natural_pg,trpo_paper,trpo_paper,Hopper-v5,mujoco,2,1,1.0,36023133,1000938,7698,7698,12,1,277.65579381677054,53.87313155991626,130.0257209664848,277.65579381677054,53.87313155991626,130.0257209664848,108.16661071777344,108.20784759521484,nan,nan,2.6488699913024902,0.00026977111701853573,nan,1.9427223205566406,nan,nan,nan,nan,99.50047898292542,0.5569586753845215,0.0,100.0574414730072
37,37,natural_pg,trpo_paper,trpo_paper,Hopper-v5,mujoco,2,1,1.0,37023772,1000639,7646,7646,12,1,281.546041780908,52.951274234994834,130.8709128956317,281.546041780908,52.951274234994834,130.8709128956317,109.37982940673828,109.41544342041016,nan,nan,2.6430466175079346,0.0002225061325589195,nan,2.033601999282837,nan,nan,nan,nan,99.2471215724945,0.5589156150817871,0.0,99.80604267120361
38,38,natural_pg,trpo_paper,trpo_paper,Hopper-v5,mujoco,2,1,1.0,38024394,1000622,7576,7576,12,1,286.7369264091816,51.741708069469986,132.07787750791974,286.7369264091816,51.741708069469986,132.07787750791974,111.07433319091797,111.1047592163086,nan,nan,2.6365320682525635,0.00019308489572722465,nan,1.78397798538208,nan,nan,nan,nan,99.086984872818,0.5580620765686035,0.0,99.6450514793396
39,39,natural_pg,trpo_paper,trpo_paper,Hopper-v5,mujoco,2,1,1.0,39025078,1000684,7505,7505,12,1,291.1913691904881,50.92273336487533,133.33564290473018,291.1913691904881,50.92273336487533,133.33564290473018,112.37427520751953,112.40780639648438,nan,nan,2.6345667839050293,0.00021922988526057452,nan,1.7206947803497314,nan,nan,nan,nan,99.49159669876099,0.5582361221313477,0.0,100.04983878135681
40,40,natural_pg,trpo_paper,trpo_paper,Hopper-v5,mujoco,2,1,1.0,40025924,1000846,7434,7434,12,1,295.43100074815777,48.57087842004009,134.63088512241055,295.43100074815777,48.57087842004009,134.63088512241055,113.47119140625,113.49771118164062,nan,nan,2.6320903301239014,0.00016623586998321116,nan,1.7431904077529907,nan,nan,nan,nan,99.38473415374756,0.5606324672698975,0.0,99.94537091255188
41,41,natural_pg,trpo_paper,trpo_paper,Hopper-v5,mujoco,2,1,1.0,41026945,1001021,7391,7391,12,1,299.97150071703646,45.549572210657956,135.43782979299147,299.97150071703646,45.549572210657956,135.43782979299147,114.93992614746094,114.97273254394531,nan,nan,2.6287307739257812,0.0002128928026650101,nan,1.7656946182250977,nan,nan,nan,nan,99.45838975906372,0.5563170909881592,0.0,100.0147123336792
42,42,natural_pg,trpo_paper,trpo_paper,Hopper-v5,mujoco,2,1,1.0,42027711,1000766,7335,7335,12,1,303.6206464445514,44.751840255767576,136.43708248125427,303.6206464445514,44.751840255767576,136.43708248125427,116.04166412353516,116.06695556640625,nan,nan,2.6223161220550537,0.00015939278819132596,nan,1.6669259071350098,nan,nan,nan,nan,99.1642575263977,0.557009220123291,0.0,99.72127103805542
43,43,natural_pg,trpo_paper,trpo_paper,Hopper-v5,mujoco,2,1,1.0,43028532,1000821,7281,7281,12,1,307.12742876582683,42.78077178387403,137.45653069633292,307.12742876582683,42.78077178387403,137.45653069633292,116.9955825805664,117.01941680908203,nan,nan,2.61742901802063,0.00015393436478916556,nan,1.5220545530319214,nan,nan,nan,nan,99.24854969978333,0.5557682514190674,0.0,99.80432271957397
44,44,natural_pg,trpo_paper,trpo_paper,Hopper-v5,mujoco,2,1,1.0,44029535,1001003,7267,7267,12,1,308.765018806847,41.8135501908184,137.74638778037703,308.765018806847,41.8135501908184,137.74638778037703,117.50800323486328,117.53043365478516,nan,nan,2.6142547130584717,0.00014048464072402567,nan,1.5851008892059326,nan,nan,nan,nan,99.20880603790283,0.5575313568115234,0.0,99.76634240150452
45,45,natural_pg,trpo_paper,trpo_paper,Hopper-v5,mujoco,2,1,1.0,45030353,1000818,7245,7245,12,1,310.81947236386736,40.69937000349027,138.1391304347826,310.81947236386736,40.69937000349027,138.1391304347826,118.17257690429688,118.19434356689453,nan,nan,2.6122045516967773,0.00014192909293342382,nan,1.4011110067367554,nan,nan,nan,nan,98.88300800323486,0.5566778182983398,0.0,99.4396903514862
46,46,natural_pg,trpo_paper,trpo_paper,Hopper-v5,mujoco,2,1,1.0,46031396,1001043,7215,7215,12,1,313.20384722551495,38.84529505074197,138.74469854469854,313.20384722551495,38.84529505074197,138.74469854469854,118.82402038574219,118.84220886230469,nan,nan,2.6103599071502686,0.00011339105549268425,nan,1.4509365558624268,nan,nan,nan,nan,99.26276421546936,0.555762529373169,0.0,99.81853103637695
47,47,natural_pg,trpo_paper,trpo_paper,Hopper-v5,mujoco,2,1,1.0,47032269,1000873,7197,7197,12,1,314.4080568988339,38.54084762112313,139.06808392385716,314.4080568988339,38.54084762112313,139.06808392385716,119.14275360107422,119.168701171875,nan,nan,2.607879161834717,0.00016860973846632987,nan,1.5357328653335571,nan,nan,nan,nan,99.1387038230896,0.5563364028930664,0.0,99.69504451751709
48,48,natural_pg,trpo_paper,trpo_paper,Hopper-v5,mujoco,2,1,1.0,48033070,1000801,7170,7170,12,1,316.8138353313897,36.527644812714136,139.58172942817293,316.8138353313897,36.527644812714136,139.58172942817293,119.83842468261719,119.85894012451172,nan,nan,2.6071596145629883,0.0001271147484658286,nan,1.545713186264038,nan,nan,nan,nan,99.21174240112305,0.5582098960876465,0.0,99.7699568271637
49,49,natural_pg,trpo_paper,trpo_paper,Hopper-v5,mujoco,2,1,1.0,49033744,1000674,7144,7144,12,1,318.43543429317344,35.67684206062406,140.07194848824187,318.43543429317344,35.67684206062406,140.07194848824187,120.25631713867188,120.27277374267578,nan,nan,2.6050424575805664,9.794395737117156e-05,nan,1.5183327198028564,nan,nan,nan,nan,99.4180645942688,0.5554018020629883,0.0,99.9734833240509
50,50,natural_pg,trpo_paper,trpo_paper,Hopper-v5,mujoco,2,1,1.0,50034390,1000646,7124,7124,12,1,319.8139707632133,34.829108871246994,140.4612577203818,319.8139707632133,34.829108871246994,140.4612577203818,120.59844970703125,120.61634826660156,nan,nan,2.6049137115478516,0.00011460600944701582,nan,1.3342698812484741,nan,nan,nan,nan,99.13881587982178,0.5564312934875488,0.0014090538024902344,99.69666266441345
51,51,natural_pg,trpo_paper,trpo_paper,Hopper-v5,mujoco,2,1,1.0,51035278,1000888,7111,7111,12,1,321.3429524482255,33.685577485689144,140.75207425116017,321.3429524482255,33.685577485689144,140.75207425116017,121.09613037109375,121.11322021484375,nan,nan,2.6046035289764404,0.00010930241114692762,nan,1.300532341003418,nan,nan,nan,nan,99.38122081756592,0.5566697120666504,0.0,99.93789505958557
52,52,natural_pg,trpo_paper,trpo_paper,Hopper-v5,mujoco,2,1,1.0,52036098,1000820,7092,7092,12,1,322.6703951538453,32.37762121702496,141.11957134799775,322.6703951538453,32.37762121702496,141.11957134799775,121.4535903930664,121.46697235107422,nan,nan,2.603337526321411,8.22301153675653e-05,nan,1.2819863557815552,nan,nan,nan,nan,98.73195767402649,0.561497688293457,0.0,99.29346060752869
53,53,natural_pg,trpo_paper,trpo_paper,Hopper-v5,mujoco,2,1,1.0,53037108,1001010,7067,7067,12,1,324.77880713621727,30.274183730492737,141.64567709070326,324.77880713621727,30.274183730492737,141.64567709070326,122.05792236328125,122.07373046875,nan,nan,2.601792097091675,9.875365503830835e-05,nan,1.3396934270858765,nan,nan,nan,nan,99.1936559677124,0.5553710460662842,0.0,99.74903082847595
54,54,natural_pg,trpo_paper,trpo_paper,Hopper-v5,mujoco,2,1,1.0,54037993,1000885,7052,7052,12,1,325.65327466568255,31.102626079561244,141.9292399319342,325.65327466568255,31.102626079561244,141.9292399319342,122.32099151611328,122.33839416503906,nan,nan,2.600417137145996,0.00011015141353709623,nan,1.3577730655670166,nan,nan,nan,nan,99.14961290359497,0.5577597618103027,0.0,99.70737767219543
55,55,natural_pg,trpo_paper,trpo_paper,Hopper-v5,mujoco,2,1,1.0,55038898,1000905,7036,7036,12,1,326.8782836616572,29.566604134788665,142.25483229107448,326.8782836616572,29.566604134788665,142.25483229107448,122.6463851928711,122.66273498535156,nan,nan,2.598914861679077,0.00010152928734896705,nan,1.3783296346664429,nan,nan,nan,nan,98.90935063362122,0.5542171001434326,0.0,99.46357321739197
56,56,natural_pg,trpo_paper,trpo_paper,Hopper-v5,mujoco,2,1,1.0,56039648,1000750,7018,7018,12,1,327.87739885114513,29.434525460448086,142.5976061555999,327.87739885114513,29.434525460448086,142.5976061555999,122.88663482666016,122.90110778808594,nan,nan,2.5985445976257324,8.999456622404978e-05,nan,1.2811870574951172,nan,nan,nan,nan,99.21385049819946,0.5564699172973633,0.0,99.77032470703125
57,57,natural_pg,trpo_paper,trpo_paper,Hopper-v5,mujoco,2,1,1.0,57040175,1000527,7023,7023,12,1,328.2516459174395,29.096522744733072,142.46433148227254,328.2516459174395,29.096522744733072,142.46433148227254,123.11346435546875,123.13102722167969,nan,nan,2.5984575748443604,0.00011378471390344203,nan,1.2815229892730713,nan,nan,nan,nan,98.95368456840515,0.5572144985198975,0.0,99.51090383529663
58,58,natural_pg,trpo_paper,trpo_paper,Hopper-v5,mujoco,2,1,1.0,58041166,1000991,7008,7008,12,1,329.9474628651504,28.094652763817887,142.83547374429224,329.9474628651504,28.094652763817887,142.83547374429224,123.62078857421875,123.63377380371094,nan,nan,2.5946247577667236,7.894085865700617e-05,nan,1.2726696729660034,nan,nan,nan,nan,99.48475575447083,0.5558454990386963,0.0,100.0406060218811
59,59,natural_pg,trpo_paper,trpo_paper,Hopper-v5,mujoco,2,1,1.0,59042092,1000926,7006,7006,12,1,330.7298787314851,27.710266983690353,142.86697116757065,330.7298787314851,27.710266983690353,142.86697116757065,123.92750549316406,123.94849395751953,nan,nan,2.5939342975616455,0.00013657164527103305,nan,1.4009816646575928,nan,nan,nan,nan,99.01391053199768,0.5622224807739258,0.0,99.57613754272461
60,60,natural_pg,trpo_paper,trpo_paper,Hopper-v5,mujoco,2,1,1.0,60043209,1001117,6998,6998,12,1,331.74132189827327,26.68802783621437,143.05758788225208,331.74132189827327,26.68802783621437,143.05758788225208,124.23440551757812,124.24937438964844,nan,nan,2.58732008934021,9.867698099697009e-05,nan,1.1118487119674683,nan,nan,nan,nan,99.25196552276611,0.5565757751464844,0.0,99.80854558944702
61,61,natural_pg,trpo_paper,trpo_paper,Hopper-v5,mujoco,2,1,1.0,61044188,1000979,6994,6994,12,1,332.5087813335813,26.158583269671688,143.11967400629112,332.5087813335813,26.158583269671688,143.11967400629112,124.50725555419922,124.525146484375,nan,nan,2.5865492820739746,0.00011594325042096898,nan,1.2809581756591797,nan,nan,nan,nan,99.00569319725037,0.5650649070739746,0.0,99.5707631111145
62,62,natural_pg,trpo_paper,trpo_paper,Hopper-v5,mujoco,2,1,1.0,62044874,1000686,6982,6982,12,1,333.4313850217047,26.266660197927877,143.32368948725295,333.4313850217047,26.266660197927877,143.32368948725295,124.7708740234375,124.78748321533203,nan,nan,2.5837275981903076,0.00010635348007781431,nan,1.283778429031372,nan,nan,nan,nan,98.79832410812378,0.55462646484375,0.0,99.35295534133911
63,63,natural_pg,trpo_paper,trpo_paper,Hopper-v5,mujoco,2,1,1.0,63045662,1000788,6988,6988,12,1,334.40406987156865,25.73588748072377,143.21522610188896,334.40406987156865,25.73588748072377,143.21522610188896,125.27201843261719,125.28656768798828,nan,nan,2.581634044647217,9.281811071559787e-05,nan,1.2118805646896362,nan,nan,nan,nan,98.99719142913818,0.5559744834899902,0.0,99.55317068099976
64,64,natural_pg,trpo_paper,trpo_paper,Hopper-v5,mujoco,2,1,1.0,64046658,1000996,6989,6989,12,1,335.0483935327436,25.215541283614915,143.22449563599943,335.0483935327436,25.215541283614915,143.22449563599943,125.52525329589844,125.53791046142578,nan,nan,2.578728199005127,7.20395619282499e-05,nan,1.4226881265640259,nan,nan,nan,nan,98.84134268760681,0.5571892261505127,0.0,99.39853644371033
65,65,natural_pg,trpo_paper,trpo_paper,Hopper-v5,mujoco,2,1,1.0,65047602,1000944,6995,6995,12,1,334.7014065862462,25.926245897268057,143.09421015010722,334.7014065862462,25.926245897268057,143.09421015010722,125.44479370117188,125.46154022216797,nan,nan,2.5794858932495117,0.00010527377162361518,nan,1.3355066776275635,nan,nan,nan,nan,98.97342348098755,0.5608196258544922,0.0,99.5342481136322
66,66,natural_pg,trpo_paper,trpo_paper,Hopper-v5,mujoco,2,1,1.0,66048391,1000789,6974,6974,12,1,336.30663069618004,24.51044142732119,143.5028677946659,336.30663069618004,24.51044142732119,143.5028677946659,125.86885833740234,125.88374328613281,nan,nan,2.581042766571045,9.724071423988789e-05,nan,1.1457784175872803,nan,nan,nan,nan,99.19849419593811,0.5592827796936035,0.0,99.75778126716614
67,67,natural_pg,trpo_paper,trpo_paper,Hopper-v5,mujoco,2,1,1.0,67049242,1000851,6967,6967,12,1,337.19266561833257,24.547855877297742,143.65594947610163,337.19266561833257,24.547855877297742,143.65594947610163,126.17911529541016,126.19841766357422,nan,nan,2.5775399208068848,0.00012167351087555289,nan,1.4543200731277466,nan,nan,nan,nan,99.0475378036499,0.55649733543396,0.0,99.6040391921997
68,68,natural_pg,trpo_paper,trpo_paper,Hopper-v5,mujoco,2,1,1.0,68050039,1000797,6948,6948,12,1,338.4617800371079,24.359709990507014,144.04101899827288,338.4617800371079,24.359709990507014,144.04101899827288,126.51412200927734,126.52879333496094,nan,nan,2.572031021118164,8.943311695475131e-05,nan,1.3619458675384521,nan,nan,nan,nan,98.69873452186584,0.5582661628723145,0.0,99.25700545310974
69,69,natural_pg,trpo_paper,trpo_paper,Hopper-v5,mujoco,2,1,1.0,69050985,1000946,6940,6940,12,1,339.22169241416793,24.19970120761854,144.22853025936598,339.22169241416793,24.19970120761854,144.22853025936598,126.73715209960938,126.753173828125,nan,nan,2.5699470043182373,9.531035902909935e-05,nan,1.4925297498703003,nan,nan,nan,nan,98.88441371917725,0.5559430122375488,0.0,99.44036173820496
70,70,natural_pg,trpo_paper,trpo_paper,Hopper-v5,mujoco,2,1,1.0,70051780,1000795,6927,6927,12,1,340.355278496993,23.313663296886688,144.47740724700446,340.355278496993,23.313663296886688,144.47740724700446,127.08332824707031,127.09884643554688,nan,nan,2.570176362991333,9.867343760561198e-05,nan,1.2598389387130737,nan,nan,nan,nan,98.94941449165344,0.5583946704864502,0.0,99.5078136920929
71,71,natural_pg,trpo_paper,trpo_paper,Hopper-v5,mujoco,2,1,1.0,71052747,1000967,6923,6923,12,1,340.4953675739241,25.38579997159949,144.58572873031923,340.4953675739241,25.38579997159949,144.58572873031923,127.10224151611328,127.11450958251953,nan,nan,2.568593978881836,7.66300581744872e-05,nan,1.1682064533233643,nan,nan,nan,nan,98.7154860496521,0.5587747097015381,0.0,99.2742657661438
72,72,natural_pg,trpo_paper,trpo_paper,Hopper-v5,mujoco,2,1,1.0,72053463,1000716,6891,6891,12,1,342.34225823934173,23.85558686306124,145.22072268175882,342.34225823934173,23.85558686306124,145.22072268175882,127.52613830566406,127.54434204101562,nan,nan,2.5674588680267334,0.00011817402992164716,nan,1.2986592054367065,nan,nan,nan,nan,98.7812671661377,0.5558991432189941,0.0,99.33717036247253
73,73,natural_pg,trpo_paper,trpo_paper,Hopper-v5,mujoco,2,1,1.0,73054322,1000859,6891,6891,12,1,342.8923548901736,24.79710427802068,145.24147438688144,342.8923548901736,24.79710427802068,145.24147438688144,127.77672576904297,127.79473114013672,nan,nan,2.5659189224243164,0.0001126101051340811,nan,1.4103902578353882,nan,nan,nan,nan,98.46237277984619,0.5563664436340332,0.0,99.01874470710754
74,74,natural_pg,trpo_paper,trpo_paper,Hopper-v5,mujoco,2,1,1.0,74055101,1000779,6880,6880,12,1,343.52444965620555,25.566827685872653,145.46206395348838,343.52444965620555,25.566827685872653,145.46206395348838,127.92322540283203,127.94336700439453,nan,nan,2.5680928230285645,0.00012971390970051289,nan,1.379436731338501,nan,nan,nan,nan,98.97552943229675,0.5566203594207764,0.0,99.53215432167053
75,75,natural_pg,trpo_paper,trpo_paper,Hopper-v5,mujoco,2,1,1.0,75055879,1000778,6873,6873,12,1,344.48214066460196,25.047438101908917,145.61006838352975,344.48214066460196,25.047438101908917,145.61006838352975,128.2466583251953,128.26513671875,nan,nan,2.5702693462371826,0.00012135601718910038,nan,1.2679003477096558,nan,nan,nan,nan,98.95743727684021,0.5605125427246094,0.0013921260833740234,99.51934695243835
76,76,natural_pg,trpo_paper,trpo_paper,Hopper-v5,mujoco,2,1,1.0,76056595,1000716,6853,6853,12,1,345.8511091840595,24.923290677301722,146.02597402597402,345.8511091840595,24.923290677301722,146.02597402597402,128.60525512695312,128.62059020996094,nan,nan,2.5657596588134766,9.23097031773068e-05,nan,1.4202710390090942,nan,nan,nan,nan,99.05946278572083,0.5579006671905518,0.0,99.61737656593323
77,77,natural_pg,trpo_paper,trpo_paper,Hopper-v5,mujoco,2,1,1.0,77057310,1000715,6849,6849,12,1,346.47432962591165,25.22612848124563,146.11111111111111,346.47432962591165,25.22612848124563,146.11111111111111,128.82505798339844,128.8384246826172,nan,nan,2.5630924701690674,8.171239460352808e-05,nan,1.2884584665298462,nan,nan,nan,nan,98.78043794631958,0.5656969547271729,0.0,99.34613966941833
78,78,natural_pg,trpo_paper,trpo_paper,Hopper-v5,mujoco,2,1,1.0,78058048,1000738,6834,6834,12,1,347.4943346886026,25.803663784948775,146.435177055897,347.4943346886026,25.803663784948775,146.435177055897,129.07229614257812,129.09487915039062,nan,nan,2.56213116645813,0.00014875773922540247,nan,1.372826337814331,nan,nan,nan,nan,99.1031186580658,0.5565836429595947,0.0,99.65970754623413
79,79,natural_pg,trpo_paper,trpo_paper,Hopper-v5,mujoco,2,1,1.0,79059052,1001004,6811,6811,12,1,349.13582867388345,26.094826434413733,146.968727059169,349.13582867388345,26.094826434413733,146.968727059169,129.49029541015625,129.51504516601562,nan,nan,2.557917356491089,0.00016134105680976063,nan,1.4948527812957764,nan,nan,nan,nan,99.24351072311401,0.5573828220367432,0.0,99.80089831352234
80,80,natural_pg,trpo_paper,trpo_paper,Hopper-v5,mujoco,2,1,1.0,80059901,1000849,6782,6782,12,1,351.01853491435986,25.96465023677967,147.57431436154528,351.01853491435986,25.96465023677967,147.57431436154528,129.9335174560547,129.95355224609375,nan,nan,2.557539701461792,0.0001333893305854872,nan,1.253317952156067,nan,nan,nan,nan,98.69707870483398,0.5572013854980469,0.0,99.25428438186646
81,81,natural_pg,trpo_paper,trpo_paper,Hopper-v5,mujoco,2,1,1.0,81060705,1000804,6756,6756,12,1,352.489439802733,25.723019287960078,148.13558318531676,352.489439802733,25.723019287960078,148.13558318531676,130.21902465820312,130.24156188964844,nan,nan,2.5557308197021484,0.0001476346078561619,nan,1.3837013244628906,nan,nan,nan,nan,98.9450306892395,0.5591599941253662,0.0,99.50419545173645
82,82,natural_pg,trpo_paper,trpo_paper,Hopper-v5,mujoco,2,1,1.0,82061499,1000794,6747,6747,12,1,353.8330934463317,26.212249824139807,148.33170297910183,353.8330934463317,26.212249824139807,148.33170297910183,130.67919921875,130.69346618652344,nan,nan,2.5573995113372803,9.18379591894336e-05,nan,1.1751863956451416,nan,nan,nan,nan,98.53964519500732,0.5565612316131592,0.0,99.09621095657349
83,83,natural_pg,trpo_paper,trpo_paper,Hopper-v5,mujoco,2,1,1.0,83062450,1000951,6725,6725,12,1,355.8061421120761,27.717699294252235,148.84029739776952,355.8061421120761,27.717699294252235,148.84029739776952,131.23562622070312,131.26258850097656,nan,nan,2.5571742057800293,0.00017954171926248819,nan,1.4222255945205688,nan,nan,nan,nan,99.12229299545288,0.5574295520782471,0.0,99.67972731590271
84,84,natural_pg,trpo_paper,trpo_paper,Hopper-v5,mujoco,2,1,1.0,84063313,1000863,6704,6704,12,1,357.6074790223308,27.66856502366279,149.29340692124106,357.6074790223308,27.66856502366279,149.29340692124106,131.7164306640625,131.7332000732422,nan,nan,2.5555574893951416,0.00010957780614262447,nan,1.2310651540756226,nan,nan,nan,nan,98.5059015750885,0.5566270351409912,0.0,99.0625331401825
85,85,natural_pg,trpo_paper,trpo_paper,Hopper-v5,mujoco,2,1,1.0,85064422,1001109,6683,6683,12,1,359.17622501677516,27.528240022807786,149.79934161304803,359.17622501677516,27.528240022807786,149.79934161304803,132.0933074951172,132.11172485351562,nan,nan,2.552619218826294,0.00012414867524057627,nan,1.135190725326538,nan,nan,nan,nan,98.65340423583984,0.5576114654541016,0.0,99.2110230922699
86,86,natural_pg,trpo_paper,trpo_paper,Hopper-v5,mujoco,2,1,1.0,86065440,1001018,6663,6663,12,1,361.36816084105925,28.676421758749807,150.23532943118715,361.36816084105925,28.676421758749807,150.23532943118715,132.7727508544922,132.79600524902344,nan,nan,2.5485706329345703,0.0001498676574556157,nan,1.492579698562622,nan,nan,nan,nan,98.55633902549744,0.5553364753723145,0.0,99.11168074607849
87,87,natural_pg,trpo_paper,trpo_paper,Hopper-v5,mujoco,2,1,1.0,87066185,1000745,6642,6642,12,1,363.07674979753017,29.35105944094883,150.66922613670582,363.07674979753017,29.35105944094883,150.66922613670582,133.25413513183594,133.2727508544922,nan,nan,2.5443649291992188,0.00011706098302965984,nan,1.427709698677063,nan,nan,nan,nan,98.66344857215881,0.5565981864929199,0.0,99.22005128860474
88,88,natural_pg,trpo_paper,trpo_paper,Hopper-v5,mujoco,2,1,1.0,88067053,1000868,6638,6638,12,1,364.278548236144,29.1516287749575,150.778547755348,364.278548236144,29.1516287749575,150.778547755348,133.7004852294922,133.71823120117188,nan,nan,2.542931318283081,0.00011482615082059056,nan,1.26819908618927,nan,nan,nan,nan,98.56529712677002,0.5572547912597656,0.0,99.12255692481995
89,89,natural_pg,trpo_paper,trpo_paper,Hopper-v5,mujoco,2,1,1.0,89067875,1000822,6603,6603,12,1,366.7527670403972,30.080798571748385,151.57080115099197,366.7527670403972,30.080798571748385,151.57080115099197,134.29287719726562,134.31675720214844,nan,nan,2.547205924987793,0.0001487594417994842,nan,1.6518232822418213,nan,nan,nan,nan,98.70866274833679,0.5562865734100342,0.0,99.26495432853699
90,90,natural_pg,trpo_paper,trpo_paper,Hopper-v5,mujoco,2,1,1.0,90068693,1000818,6584,6584,12,1,368.35360157875317,32.26230486924466,152.00759416767923,368.35360157875317,32.26230486924466,152.00759416767923,134.75416564941406,134.78677368164062,nan,nan,2.5440595149993896,0.00022198866645339876,nan,1.4797046184539795,nan,nan,nan,nan,98.53463125228882,0.5574510097503662,0.0,99.09208703041077
91,91,natural_pg,trpo_paper,trpo_paper,Hopper-v5,mujoco,2,1,1.0,91069456,1000763,6545,6545,12,1,371.3216704873509,31.221700776587767,152.90496562261268,371.3216704873509,31.221700776587767,152.90496562261268,135.46177673339844,135.4866943359375,nan,nan,2.5357472896575928,0.00015836840611882508,nan,1.6158418655395508,nan,nan,nan,nan,98.62845754623413,0.5593104362487793,0.0,99.18777203559875
92,92,natural_pg,trpo_paper,trpo_paper,Hopper-v5,mujoco,2,1,1.0,92070450,1000994,6533,6533,12,1,373.3618253123984,32.587587597257084,153.2211847543242,373.3618253123984,32.587587597257084,153.2211847543242,136.1585693359375,136.18235778808594,nan,nan,2.5286130905151367,0.00015523216279689223,nan,1.4528812170028687,nan,nan,nan,nan,98.67255187034607,0.5560097694396973,0.0,99.22856616973877
93,93,natural_pg,trpo_paper,trpo_paper,Hopper-v5,mujoco,2,1,1.0,93071322,1000872,6504,6504,12,1,375.6411285069838,33.12554506743873,153.88560885608857,375.6411285069838,33.12554506743873,153.88560885608857,136.7210235595703,136.7480010986328,nan,nan,2.5261952877044678,0.0001788872468750924,nan,1.4569538831710815,nan,nan,nan,nan,98.82210159301758,0.557870626449585,0.0,99.37997627258301
94,94,natural_pg,trpo_paper,trpo_paper,Hopper-v5,mujoco,2,1,1.0,94072130,1000808,6459,6459,12,1,379.05951090384247,34.33189594653765,154.94782474067193,379.05951090384247,34.33189594653765,154.94782474067193,137.5349578857422,137.5644989013672,nan,nan,2.5283844470977783,0.00019794383842963725,nan,1.4597225189208984,nan,nan,nan,nan,98.50660562515259,0.5562453269958496,0.0,99.06285667419434
95,95,natural_pg,trpo_paper,trpo_paper,Hopper-v5,mujoco,2,1,1.0,95072861,1000731,6418,6418,12,1,382.1324363117568,35.9055048833721,155.92567778124027,382.1324363117568,35.9055048833721,155.92567778124027,138.2626495361328,138.29177856445312,nan,nan,2.5223569869995117,0.00019087591499555856,nan,1.6117337942123413,nan,nan,nan,nan,98.52302956581116,0.5569884777069092,0.0,99.08002281188965
96,96,natural_pg,trpo_paper,trpo_paper,Hopper-v5,mujoco,2,1,1.0,96073863,1001002,6385,6385,12,1,385.1340523643822,35.73637702642515,156.7740015661707,385.1340523643822,35.73637702642515,156.7740015661707,139.0204620361328,139.0482940673828,nan,nan,2.517152786254883,0.0001897739275591448,nan,1.3508095741271973,nan,nan,nan,nan,98.36861777305603,0.5560569763183594,0.0,98.92467856407166
97,97,natural_pg,trpo_paper,trpo_paper,Hopper-v5,mujoco,2,1,1.0,97074859,1000996,6341,6341,12,1,388.4766272209501,39.336748362872406,157.86090521999685,388.4766272209501,39.336748362872406,157.86090521999685,139.8356475830078,139.85662841796875,nan,nan,2.5147104263305664,0.00012572522973641753,nan,1.686560034751892,nan,nan,nan,nan,98.37121939659119,0.5566766262054443,0.0,98.92790079116821
98,98,natural_pg,trpo_paper,trpo_paper,Hopper-v5,mujoco,2,1,1.0,98075732,1000873,6310,6310,12,1,391.20897551953436,40.40239758502668,158.61695721077655,391.20897551953436,40.40239758502668,158.61695721077655,140.54977416992188,140.56935119628906,nan,nan,2.5112621784210205,0.00012896499538328499,nan,1.286302089691162,nan,nan,nan,nan,98.33254218101501,0.556318998336792,0.0,98.88887047767639
99,99,natural_pg,trpo_paper,trpo_paper,Hopper-v5,mujoco,2,1,1.0,99076626,1000894,6279,6279,12,1,393.96823778470775,43.031761564560604,159.4034081860169,393.96823778470775,43.031761564560604,159.4034081860169,141.27603149414062,141.30360412597656,nan,nan,2.5083348751068115,0.00017038220539689064,nan,1.7995115518569946,nan,nan,nan,nan,98.27087163925171,0.5587081909179688,0.0,98.82959222793579
100,100,natural_pg,trpo_paper,trpo_paper,Hopper-v5,mujoco,2,1,1.0,100077539,1000913,6221,6221,12,1,398.4176726176746,43.723694604351756,160.89262176498954,398.4176726176746,43.723694604351756,160.89262176498954,142.24453735351562,142.27322387695312,nan,nan,2.504218816757202,0.0001910014689201489,nan,1.4979429244995117,nan,nan,nan,nan,97.97394633293152,0.5562024116516113,0.0014269351959228516,98.5315809249878
101,101,natural_pg,trpo_paper,trpo_paper,Hopper-v5,mujoco,2,1,1.0,101078518,1000979,6167,6167,12,1,402.2431962299943,47.613705964259545,162.3121452894438,402.2431962299943,47.613705964259545,162.3121452894438,143.0215301513672,143.04258728027344,nan,nan,2.5003015995025635,0.00013608421431854367,nan,1.4276632070541382,nan,nan,nan,nan,98.31084060668945,0.5562350749969482,0.0,98.86707973480225
102,102,natural_pg,trpo_paper,trpo_paper,Hopper-v5,mujoco,2,1,1.0,102079383,1000865,6109,6109,12,1,406.88214288510204,52.27793578874875,163.83450646587002,406.88214288510204,52.27793578874875,163.83450646587002,144.11441040039062,144.14456176757812,nan,nan,2.495596170425415,0.00019595590129029006,nan,1.6354845762252808,nan,nan,nan,nan,98.01029014587402,0.5600087642669678,0.0,98.57030367851257
103,103,natural_pg,trpo_paper,trpo_paper,Hopper-v5,mujoco,2,1,1.0,103080229,1000846,6054,6054,12,1,411.2558165834696,53.44553967219781,165.3197885695408,411.2558165834696,53.44553967219781,165.3197885695408,145.031005859375,145.06153869628906,nan,nan,2.4924135208129883,0.00020014040637761354,nan,1.6121773719787598,nan,nan,nan,nan,98.16093468666077,0.5557148456573486,0.0,98.71665477752686
104,104,natural_pg,trpo_paper,trpo_paper,Hopper-v5,mujoco,2,1,1.0,104081452,1001223,6021,6021,12,1,415.3268909844854,57.57023119969459,166.28849028400597,415.3268909844854,57.57023119969459,166.28849028400597,146.17288208007812,146.19837951660156,nan,nan,2.4915904998779297,0.00016360815789084882,nan,1.5919219255447388,nan,nan,nan,nan,97.77311444282532,0.5562000274658203,0.0,98.32931995391846
105,105,natural_pg,trpo_paper,trpo_paper,Hopper-v5,mujoco,2,1,1.0,105082445,1000993,5973,5973,12,1,420.1858427758374,58.3553401538486,167.5863050393437,420.1858427758374,58.3553401538486,167.5863050393437,147.36978149414062,147.400146484375,nan,nan,2.4897825717926025,0.0002040067920461297,nan,1.464674472808838,nan,nan,nan,nan,97.77758502960205,0.5555322170257568,0.0,98.33312177658081
106,106,natural_pg,trpo_paper,trpo_paper,Hopper-v5,mujoco,2,1,1.0,106083509,1001064,5918,5918,12,1,425.7252217780147,62.199258746462355,169.15579587698548,425.7252217780147,62.199258746462355,169.15579587698548,148.72930908203125,148.7658233642578,nan,nan,2.486766815185547,0.0002410362649243325,nan,1.7105497121810913,nan,nan,nan,nan,97.77911019325256,0.5554044246673584,0.0,98.33451914787292
107,107,natural_pg,trpo_paper,trpo_paper,Hopper-v5,mujoco,2,1,1.0,107085046,1001537,5855,5855,12,1,432.35970356837663,66.94890039474902,171.05670367207514,432.35970356837663,66.94890039474902,171.05670367207514,150.35374450683594,150.38658142089844,nan,nan,2.481977701187134,0.00021091121016070247,nan,1.7952073812484741,nan,nan,nan,nan,97.69380593299866,0.5569744110107422,0.0,98.25078463554382
108,108,natural_pg,trpo_paper,trpo_paper,Hopper-v5,mujoco,2,1,1.0,108086115,1001069,5770,5770,12,1,440.15362012507234,72.0339309059784,173.4954939341421,440.15362012507234,72.0339309059784,173.4954939341421,152.114013671875,152.1548614501953,nan,nan,2.4766523838043213,0.00027796701760962605,nan,1.6773370504379272,nan,nan,nan,nan,97.47566080093384,0.5565598011016846,0.0,98.03222465515137
109,109,natural_pg,trpo_paper,trpo_paper,Hopper-v5,mujoco,2,1,1.0,109087063,1000948,5676,5676,12,1,449.0828667618784,76.54524350270414,176.3474277660324,449.0828667618784,76.54524350270414,176.3474277660324,154.00253295898438,154.0526123046875,nan,nan,2.469700574874878,0.0003411115030758083,nan,1.8362061977386475,nan,nan,nan,nan,97.69854760169983,0.5595629215240479,0.0,98.25811553001404
110,110,natural_pg,trpo_paper,trpo_paper,Hopper-v5,mujoco,2,1,1.0,110087932,1000869,5583,5583,12,1,458.67836366301594,83.21002164884408,179.27082213863514,458.67836366301594,83.21002164884408,179.27082213863514,156.17311096191406,156.205078125,nan,nan,2.4709136486053467,0.00021399246179498732,nan,1.5496004819869995,nan,nan,nan,nan,97.41081357002258,0.558159589767456,0.0,97.96897768974304
111,111,natural_pg,trpo_paper,trpo_paper,Hopper-v5,mujoco,2,1,1.0,111089040,1001108,5495,5495,12,1,468.401268555422,85.965230460839,182.1852593266606,468.401268555422,85.965230460839,182.1852593266606,158.2410430908203,158.27835083007812,nan,nan,2.4692611694335938,0.00024382609990425408,nan,1.7954537868499756,nan,nan,nan,nan,97.35299682617188,0.562650203704834,0.0,97.91565179824829
112,112,natural_pg,trpo_paper,trpo_paper,Hopper-v5,mujoco,2,1,1.0,112089974,1000934,5384,5384,12,1,481.0538854433333,92.82236343275281,185.9089895988113,481.0538854433333,92.82236343275281,185.9089895988113,161.00733947753906,161.05685424804688,nan,nan,2.463136911392212,0.0003252207243349403,nan,2.0558226108551025,nan,nan,nan,nan,97.23691844940186,0.5565612316131592,0.0,97.7934844493866
113,113,natural_pg,trpo_paper,trpo_paper,Hopper-v5,mujoco,2,1,1.0,113090954,1000980,5268,5268,12,1,494.2995189340256,96.20657741945858,190.0113895216401,494.2995189340256,96.20657741945858,190.0113895216401,163.6328887939453,163.6950225830078,nan,nan,2.4606404304504395,0.0004059870552737266,nan,2.408444404602051,nan,nan,nan,nan,97.10392642021179,0.5595288276672363,0.0,97.66346001625061
114,114,natural_pg,trpo_paper,trpo_paper,Hopper-v5,mujoco,2,1,1.0,114092563,1001609,5130,5130,12,1,510.6040856460574,101.0645692183613,195.24541910331385,510.6040856460574,101.0645692183613,195.24541910331385,166.69871520996094,166.75233459472656,nan,nan,2.4538776874542236,0.00036712255678139627,nan,1.8438242673873901,nan,nan,nan,nan,96.88956212997437,0.5619871616363525,0.0,97.4515540599823
115,115,natural_pg,trpo_paper,trpo_paper,Hopper-v5,mujoco,2,1,1.0,115094237,1001674,5003,5003,12,1,526.9840847546031,105.98946881837833,200.21467119728163,526.9840847546031,105.98946881837833,200.21467119728163,169.89096069335938,169.93983459472656,nan,nan,2.44588565826416,0.00031995249446481466,nan,2.0419816970825195,nan,nan,nan,nan,96.7777931690216,0.5629501342773438,0.0,97.34074831008911
116,116,natural_pg,trpo_paper,trpo_paper,Hopper-v5,mujoco,2,1,1.0,116095287,1001050,4907,4907,12,1,540.5087724103688,109.49349457758794,204.004483391074,540.5087724103688,109.49349457758794,204.004483391074,172.577880859375,172.62339782714844,nan,nan,2.442776679992676,0.00030095892725512385,nan,1.8699802160263062,nan,nan,nan,nan,96.90462160110474,0.5578739643096924,0.0,97.4624993801117
117,117,natural_pg,trpo_paper,trpo_paper,Hopper-v5,mujoco,2,1,1.0,117096303,1001016,4821,4821,12,1,553.4598766759773,110.9094789813523,207.63658991910393,553.4598766759773,110.9094789813523,207.63658991910393,175.05929565429688,175.11453247070312,nan,nan,2.441192626953125,0.00037720854743383825,nan,1.8953319787979126,nan,nan,nan,nan,96.44590377807617,0.5596070289611816,0.0,97.00551533699036
118,118,natural_pg,trpo_paper,trpo_paper,Hopper-v5,mujoco,2,1,1.0,118097478,1001175,4741,4741,12,1,566.0936952927003,112.35630322304357,211.1738029951487,566.0936952927003,112.35630322304357,211.1738029951487,177.42742919921875,177.48428344726562,nan,nan,2.435621738433838,0.00037288691964931786,nan,2.1747450828552246,nan,nan,nan,nan,96.54693412780762,0.5635793209075928,0.0,97.11051869392395
119,119,natural_pg,trpo_paper,trpo_paper,Hopper-v5,mujoco,2,1,1.0,119098727,1001249,4680,4680,12,1,576.3621949127087,113.72158272683913,213.942094017094,576.3621949127087,113.72158272683913,213.942094017094,179.35191345214844,179.39698791503906,nan,nan,2.431671142578125,0.0003001883451361209,nan,1.8928906917572021,nan,nan,nan,nan,96.26517724990845,0.5557990074157715,0.0,96.8209810256958
120,120,natural_pg,trpo_paper,trpo_paper,Hopper-v5,mujoco,2,1,1.0,120100207,1001480,4630,4630,12,1,584.1730014536614,114.42245006762819,216.3023758099352,584.1730014536614,114.42245006762819,216.3023758099352,180.64881896972656,180.69667053222656,nan,nan,2.425884246826172,0.00031086744274944067,nan,2.0684497356414795,nan,nan,nan,nan,96.32372736930847,0.5582225322723389,0.0,96.88195371627808
121,121,natural_pg,trpo_paper,trpo_paper,Hopper-v5,mujoco,2,1,1.0,121102009,1001802,4549,4549,12,1,595.6491010912937,117.14397385932655,220.22466476148605,595.6491010912937,117.14397385932655,220.22466476148605,182.27305603027344,182.322265625,nan,nan,2.425802707672119,0.00032475535408593714,nan,2.019850254058838,nan,nan,nan,nan,96.27114820480347,0.5579221248626709,0.0,96.8290753364563
122,122,natural_pg,trpo_paper,trpo_paper,Hopper-v5,mujoco,2,1,1.0,122103427,1001418,4462,4462,12,1,608.4169159708641,119.82869862135148,224.43254146122814,608.4169159708641,119.82869862135148,224.43254146122814,184.15957641601562,184.2088623046875,nan,nan,2.422355890274048,0.00033116567647084594,nan,1.94898521900177,nan,nan,nan,nan,95.89665293693542,0.5574328899383545,0.0,96.4540901184082
123,123,natural_pg,trpo_paper,trpo_paper,Hopper-v5,mujoco,2,1,1.0,123104659,1001232,4399,4399,12,1,619.7243485828644,120.08819009025724,227.60445555808138,619.7243485828644,120.08819009025724,227.60445555808138,186.0799102783203,186.13121032714844,nan,nan,2.410379648208618,0.0003396733955014497,nan,1.9981553554534912,nan,nan,nan,nan,96.25037097930908,0.5566413402557373,0.0,96.80701780319214
124,124,natural_pg,trpo_paper,trpo_paper,Hopper-v5,mujoco,2,1,1.0,124106375,1001716,4352,4352,12,1,628.758643983416,122.68664221823434,230.17371323529412,628.758643983416,122.68664221823434,230.17371323529412,187.59031677246094,187.63758850097656,nan,nan,2.4071311950683594,0.0002989129279740155,nan,2.179236650466919,nan,nan,nan,nan,95.98693442344666,0.55661940574646,0.0,96.54355812072754
125,125,natural_pg,trpo_paper,trpo_paper,Hopper-v5,mujoco,2,1,1.0,125107463,1001088,4319,4319,12,1,634.9286230189474,122.82721142191942,231.7869877286409,634.9286230189474,122.82721142191942,231.7869877286409,188.6455535888672,188.68104553222656,nan,nan,2.4015018939971924,0.00022515299497172236,nan,1.8837687969207764,nan,nan,nan,nan,95.98248147964478,0.5558269023895264,0.00138092041015625,96.53969526290894
126,126,natural_pg,trpo_paper,trpo_paper,Hopper-v5,mujoco,2,1,1.0,126109036,1001573,4297,4297,12,1,641.5898987445344,122.3344844634921,233.08657202699558,641.5898987445344,122.3344844634921,233.08657202699558,190.0146942138672,190.0747528076172,nan,nan,2.3985350131988525,0.00039157154969871044,nan,2.397055149078369,nan,nan,nan,nan,96.21927452087402,0.5566098690032959,0.0,96.77588868141174
127,127,natural_pg,trpo_paper,trpo_paper,Hopper-v5,mujoco,2,1,1.0,127110805,1001769,4236,4236,12,1,654.555388637145,124.23499653759318,236.48937677053826,654.555388637145,124.23499653759318,236.48937677053826,192.2075653076172,192.2535400390625,nan,nan,2.390612840652466,0.0002962775470223278,nan,2.068342685699463,nan,nan,nan,nan,95.89579749107361,0.5574181079864502,0.0,96.45322012901306
128,128,natural_pg,trpo_paper,trpo_paper,Hopper-v5,mujoco,2,1,1.0,128112456,1001651,4205,4205,12,1,661.5744467676917,125.07551186145906,238.20475624256838,661.5744467676917,125.07551186145906,238.20475624256838,193.42630004882812,193.47938537597656,nan,nan,2.3868463039398193,0.0003514818090479821,nan,2.1010310649871826,nan,nan,nan,nan,95.88353085517883,0.5636768341064453,0.0,96.44721269607544
129,129,natural_pg,trpo_paper,trpo_paper,Hopper-v5,mujoco,2,1,1.0,129114048,1001592,4140,4140,12,1,674.159181381064,127.1208060084624,241.9304347826087,674.159181381064,127.1208060084624,241.9304347826087,195.3083953857422,195.3733367919922,nan,nan,2.3788132667541504,0.00042203289922326803,nan,2.4066925048828125,nan,nan,nan,nan,95.92213153839111,0.5577089786529541,0.0,96.47984504699707
130,130,natural_pg,trpo_paper,trpo_paper,Hopper-v5,mujoco,2,1,1.0,130115704,1001656,4113,4113,12,1,681.4817075280155,130.53612654842465,243.53415998054948,681.4817075280155,130.53612654842465,243.53415998054948,196.75596618652344,196.80970764160156,nan,nan,2.375600814819336,0.0003553573915269226,nan,2.115734815597534,nan,nan,nan,nan,95.83456110954285,0.5585248470306396,0.0,96.39309048652649
131,131,natural_pg,trpo_paper,trpo_paper,Hopper-v5,mujoco,2,1,1.0,131117023,1001319,4055,4055,12,1,691.5088140515211,137.08242514102807,246.934401972873,691.5088140515211,137.08242514102807,246.934401972873,197.96453857421875,198.0218505859375,nan,nan,2.3683128356933594,0.0003849769418593496,nan,2.077209234237671,nan,nan,nan,nan,95.77220392227173,0.5626420974731445,0.0,96.33485126495361
132,132,natural_pg,trpo_paper,trpo_paper,Hopper-v5,mujoco,2,1,1.0,132118663,1001640,4018,4018,12,1,702.4919081052547,135.6686831506295,249.2882030861125,702.4919081052547,135.6686831506295,249.2882030861125,199.99790954589844,200.04238891601562,nan,nan,2.3597562313079834,0.00028375876718200743,nan,2.0748038291931152,nan,nan,nan,nan,95.54206824302673,0.5576815605163574,0.0,96.09975385665894
133,133,natural_pg,trpo_paper,trpo_paper,Hopper-v5,mujoco,2,1,1.0,133120303,1001640,4000,4000,12,1,707.1125609966805,137.67574963992195,250.41,707.1125609966805,137.67574963992195,250.41,200.68661499023438,200.74380493164062,nan,nan,2.3568129539489746,0.0003801962302532047,nan,2.1203739643096924,nan,nan,nan,nan,95.47333884239197,0.5571413040161133,0.0,96.03048491477966
134,134,natural_pg,trpo_paper,trpo_paper,Hopper-v5,mujoco,2,1,1.0,134121731,1001428,3957,3957,12,1,716.9125630030675,134.68899805914143,253.07758402830427,716.9125630030675,134.68899805914143,253.07758402830427,202.08651733398438,202.1389923095703,nan,nan,2.348388671875,0.0003380431153345853,nan,2.2779617309570312,nan,nan,nan,nan,96.0266432762146,0.5567011833190918,0.0,96.58334922790527
135,135,natural_pg,trpo_paper,trpo_paper,Hopper-v5,mujoco,2,1,1.0,135123484,1001753,3953,3953,12,1,719.0300382343694,138.28470367432573,253.41588666835315,719.0300382343694,138.28470367432573,253.41588666835315,202.56185913085938,202.603515625,nan,nan,2.3462867736816406,0.0002653969859238714,nan,2.0716147422790527,nan,nan,nan,nan,95.56144094467163,0.5557982921600342,0.0,96.11724472045898
136,136,natural_pg,trpo_paper,trpo_paper,Hopper-v5,mujoco,2,1,1.0,136124878,1001394,3914,3914,12,1,727.1778343693068,138.8582610268382,255.8492590700051,727.1778343693068,138.8582610268382,255.8492590700051,203.6446533203125,203.6913604736328,nan,nan,2.34523868560791,0.0002903998247347772,nan,2.3341660499572754,nan,nan,nan,nan,95.41193318367004,0.5567946434020996,0.0,95.96873259544373
137,137,natural_pg,trpo_paper,trpo_paper,Hopper-v5,mujoco,2,1,1.0,137125930,1001052,3887,3887,12,1,733.9376244157286,138.30774656546228,257.53846153846155,733.9376244157286,138.30774656546228,257.53846153846155,204.67291259765625,204.7231903076172,nan,nan,2.336738109588623,0.0003116053994745016,nan,2.40048885345459,nan,nan,nan,nan,95.7024757862091,0.5563337802886963,0.0,96.2588140964508
138,138,natural_pg,trpo_paper,trpo_paper,Hopper-v5,mujoco,2,1,1.0,138127772,1001842,3849,3849,12,1,742.9300710397418,138.3862411879315,260.2863081319823,742.9300710397418,138.3862411879315,260.2863081319823,205.75628662109375,205.8197784423828,nan,nan,2.335240602493286,0.00042400744860060513,nan,2.2540123462677,nan,nan,nan,nan,95.43811583518982,0.5572080612182617,0.0,95.9953293800354
139,139,natural_pg,trpo_paper,trpo_paper,Hopper-v5,mujoco,2,1,1.0,139129668,1001896,3810,3810,12,1,752.8109509052127,137.8250418266156,262.96482939632546,752.8109509052127,137.8250418266156,262.96482939632546,207.1763916015625,207.22952270507812,nan,nan,2.326533079147339,0.00034922457416541874,nan,2.1443655490875244,nan,nan,nan,nan,95.61827516555786,0.5593714714050293,0.0,96.17765140533447
140,140,natural_pg,trpo_paper,trpo_paper,Hopper-v5,mujoco,2,1,1.0,140131251,1001583,3802,3802,12,1,755.3960049059675,140.98996539280427,263.4358232509206,755.3960049059675,140.98996539280427,263.4358232509206,207.67127990722656,207.71768188476562,nan,nan,2.3201918601989746,0.0003016198752447963,nan,2.048828125,nan,nan,nan,nan,95.47628474235535,0.5585875511169434,0.0,96.03487634658813
141,141,natural_pg,trpo_paper,trpo_paper,Hopper-v5,mujoco,2,1,1.0,141133267,1002016,3793,3793,12,1,761.2900414246534,139.19341608106978,264.17505931979963,761.2900414246534,139.19341608106978,264.17505931979963,208.9844970703125,209.0298614501953,nan,nan,2.313419818878174,0.00029449243447743356,nan,1.996887445449829,nan,nan,nan,nan,95.40073657035828,0.5619831085205078,0.0,95.96272468566895
142,142,natural_pg,trpo_paper,trpo_paper,Hopper-v5,mujoco,2,1,1.0,142134557,1001290,3765,3765,12,1,766.5716293989932,139.7000177006945,265.9468791500664,766.5716293989932,139.7000177006945,265.9468791500664,209.47129821777344,209.51466369628906,nan,nan,2.3148269653320312,0.0002783584641292691,nan,2.0639824867248535,nan,nan,nan,nan,95.16404461860657,0.5585803985595703,0.0,95.72262954711914
143,143,natural_pg,trpo_paper,trpo_paper,Hopper-v5,mujoco,2,1,1.0,143136238,1001681,3766,3766,12,1,769.2835225263834,138.7581166356217,265.98008497079127,769.2835225263834,138.7581166356217,265.98008497079127,210.2545166015625,210.30734252929688,nan,nan,2.311525344848633,0.0003307615697849542,nan,2.4056758880615234,nan,nan,nan,nan,95.74177646636963,0.5585238933563232,0.0,96.30030512809753
144,144,natural_pg,trpo_paper,trpo_paper,Hopper-v5,mujoco,2,1,1.0,144138085,1001847,3744,3744,12,1,775.3798874523827,143.66039433669934,267.5873397435897,775.3798874523827,143.66039433669934,267.5873397435897,211.1280517578125,211.19137573242188,nan,nan,2.304527997970581,0.00042390907765366137,nan,2.1460628509521484,nan,nan,nan,nan,95.2520740032196,0.5587213039398193,0.0,95.81079983711243
145,145,natural_pg,trpo_paper,trpo_paper,Hopper-v5,mujoco,2,1,1.0,145140344,1002259,3712,3712,12,1,785.4232311638041,143.2841030588968,270.00511853448273,785.4232311638041,143.2841030588968,270.00511853448273,212.58984375,212.64430236816406,nan,nan,2.301172971725464,0.00035801727790385485,nan,2.2469770908355713,nan,nan,nan,nan,95.27043676376343,0.5578126907348633,0.0,95.8282539844513
146,146,natural_pg,trpo_paper,trpo_paper,Hopper-v5,mujoco,2,1,1.0,146142464,1002120,3702,3702,12,1,789.7304501888751,140.12594133898963,270.6969205834684,789.7304501888751,140.12594133898963,270.6969205834684,213.4015350341797,213.46385192871094,nan,nan,2.2886767387390137,0.00042861842666752636,nan,1.9870871305465698,nan,nan,nan,nan,95.15785503387451,0.5572547912597656,0.0,95.7151141166687
147,147,natural_pg,trpo_paper,trpo_paper,Hopper-v5,mujoco,2,1,1.0,147144127,1001663,3655,3655,12,1,799.5800647112953,147.40184944554088,274.052804377565,799.5800647112953,147.40184944554088,274.052804377565,214.3299560546875,214.37493896484375,nan,nan,2.2768404483795166,0.0002948809415102005,nan,1.9856091737747192,nan,nan,nan,nan,95.29863786697388,0.5564463138580322,0.0,95.85508847236633
148,148,natural_pg,trpo_paper,trpo_paper,Hopper-v5,mujoco,2,1,1.0,148145318,1001191,3625,3625,12,1,807.3549830761563,149.13178757130322,276.1906206896552,807.3549830761563,149.13178757130322,276.1906206896552,215.31092834472656,215.3635711669922,nan,nan,2.271864652633667,0.00034187189885415137,nan,2.2308456897735596,nan,nan,nan,nan,95.0383460521698,0.5566456317901611,0.0,95.59499645233154
149,149,natural_pg,trpo_paper,trpo_paper,Hopper-v5,mujoco,2,1,1.0,149146824,1001506,3627,3627,12,1,809.7780999203075,143.8174931350653,276.12517231872073,809.7780999203075,143.8174931350653,276.12517231872073,216.00584411621094,216.05429077148438,nan,nan,2.260004758834839,0.0003172246506437659,nan,2.0646812915802,nan,nan,nan,nan,94.91017723083496,0.5566365718841553,0.0,95.46681833267212
150,150,natural_pg,trpo_paper,trpo_paper,Hopper-v5,mujoco,2,1,1.0,150148166,1001342,3631,3631,12,1,811.3177452956767,145.85584156556524,275.77581933351695,811.3177452956767,145.85584156556524,275.77581933351695,216.65025329589844,216.71128845214844,nan,nan,2.253509283065796,0.00039961739093996584,nan,2.314570426940918,nan,nan,nan,nan,95.25743961334229,0.5586183071136475,0.0017142295837402344,95.81777715682983
151,151,natural_pg,trpo_paper,trpo_paper,Hopper-v5,mujoco,2,1,1.0,151150095,1001929,3637,3637,12,1,811.6064016330208,144.1101521979885,275.4822656035194,811.6064016330208,144.1101521979885,275.4822656035194,216.9432373046875,217.0088653564453,nan,nan,2.2443783283233643,0.00042440538527444005,nan,2.494658946990967,nan,nan,nan,nan,94.89992070198059,0.5570521354675293,0.0,95.45697784423828
152,152,natural_pg,trpo_paper,trpo_paper,Hopper-v5,mujoco,2,1,1.0,152151422,1001327,3600,3600,12,1,819.6785040854395,145.5784720000581,278.1463888888889,819.6785040854395,145.5784720000581,278.1463888888889,217.65505981445312,217.72311401367188,nan,nan,2.244018077850342,0.00045347947161644697,nan,2.20764422416687,nan,nan,nan,nan,94.66402244567871,0.5556890964508057,0.0,95.2197163105011
153,153,natural_pg,trpo_paper,trpo_paper,Hopper-v5,mujoco,2,1,1.0,153152929,1001507,3572,3572,12,1,826.5221816192153,149.302707487416,280.37709966405373,826.5221816192153,149.302707487416,280.37709966405373,218.32679748535156,218.3794403076172,nan,nan,2.2401654720306396,0.0003456871199887246,nan,2.100219964981079,nan,nan,nan,nan,95.34011101722717,0.5588095188140869,0.0,95.89892554283142
154,154,natural_pg,trpo_paper,trpo_paper,Hopper-v5,mujoco,2,1,1.0,154154469,1001540,3565,3565,12,1,827.1370058548358,153.7846390771943,280.9368863955119,827.1370058548358,153.7846390771943,280.9368863955119,218.22879028320312,218.28369140625,nan,nan,2.241680145263672,0.0003706563438754529,nan,1.9266126155853271,nan,nan,nan,nan,94.6130166053772,0.5555140972137451,0.0,95.16853547096252
155,155,natural_pg,trpo_paper,trpo_paper,Hopper-v5,mujoco,2,1,1.0,155156477,1002008,3559,3559,12,1,831.8383936276064,152.55324229544004,281.5420061815117,831.8383936276064,152.55324229544004,281.5420061815117,219.212890625,219.25498962402344,nan,nan,2.2336628437042236,0.000268668110948056,nan,2.0868663787841797,nan,nan,nan,nan,94.58729910850525,0.5566809177398682,0.0,95.14398455619812
156,156,natural_pg,trpo_paper,trpo_paper,Hopper-v5,mujoco,2,1,1.0,156157951,1001474,3570,3570,12,1,831.1791860715414,149.60984061004152,280.5249299719888,831.1791860715414,149.60984061004152,280.5249299719888,219.54666137695312,219.59808349609375,nan,nan,2.226102828979492,0.0003290828026365489,nan,2.2116219997406006,nan,nan,nan,nan,94.72528743743896,0.5592963695526123,0.0,95.28458905220032
157,157,natural_pg,trpo_paper,trpo_paper,Hopper-v5,mujoco,2,1,1.0,157159790,1001839,3583,3583,12,1,828.4906347025403,143.38173183461018,279.6089868825007,828.4906347025403,143.38173183461018,279.6089868825007,219.24354553222656,219.30245971679688,nan,nan,2.225044012069702,0.0004016330058220774,nan,2.0099825859069824,nan,nan,nan,nan,94.85961389541626,0.5565524101257324,0.0,95.41617107391357
158,158,natural_pg,trpo_paper,trpo_paper,Hopper-v5,mujoco,2,1,1.0,158161040,1001250,3572,3572,12,1,830.8198186514603,143.21551903388615,280.3051511758119,830.8198186514603,143.21551903388615,280.3051511758119,219.46104431152344,219.52371215820312,nan,nan,2.219496250152588,0.0004204068682156503,nan,2.229457139968872,nan,nan,nan,nan,94.73140549659729,0.5568222999572754,0.0,95.28823208808899
159,159,natural_pg,trpo_paper,trpo_paper,Hopper-v5,mujoco,2,1,1.0,159162877,1001837,3567,3567,12,1,834.2326293805469,140.69710229631605,280.86262966077936,834.2326293805469,140.69710229631605,280.86262966077936,220.0857391357422,220.1438751220703,nan,nan,2.207354784011841,0.00038742905599065125,nan,2.0570428371429443,nan,nan,nan,nan,94.62221121788025,0.5586962699890137,0.0,95.18091225624084
160,160,natural_pg,trpo_paper,trpo_paper,Hopper-v5,mujoco,2,1,1.0,160164208,1001331,3557,3557,12,1,837.3215546188666,145.68017212473566,281.5099803204948,837.3215546188666,145.68017212473566,281.5099803204948,220.6479034423828,220.70761108398438,nan,nan,2.204195737838745,0.0004014422302134335,nan,2.0704634189605713,nan,nan,nan,nan,95.05256032943726,0.5577926635742188,0.0,95.61035776138306
161,161,natural_pg,trpo_paper,trpo_paper,Hopper-v5,mujoco,2,1,1.0,161165376,1001168,3519,3519,12,1,848.0827811952998,145.03340375171737,284.50355214549586,848.0827811952998,145.03340375171737,284.50355214549586,221.8743896484375,221.93568420410156,nan,nan,2.2021050453186035,0.00039784194086678326,nan,2.343263864517212,nan,nan,nan,nan,94.74318623542786,0.5581479072570801,0.0,95.30133891105652
162,162,natural_pg,trpo_paper,trpo_paper,Hopper-v5,mujoco,2,1,1.0,162167218,1001842,3525,3525,12,1,846.8168042578216,150.45513513550767,284.2104964539007,846.8168042578216,150.45513513550767,284.2104964539007,221.68675231933594,221.74411010742188,nan,nan,2.1957952976226807,0.00036357849603518844,nan,2.398477792739868,nan,nan,nan,nan,94.74854588508606,0.5579853057861328,0.0,95.30653595924377
163,163,natural_pg,trpo_paper,trpo_paper,Hopper-v5,mujoco,2,1,1.0,163168734,1001516,3498,3498,12,1,854.5989289853559,146.25383470200572,286.3110348770726,854.5989289853559,146.25383470200572,286.3110348770726,222.6053924560547,222.6607666015625,nan,nan,2.197723150253296,0.0003719374071806669,nan,2.085458993911743,nan,nan,nan,nan,94.60661149024963,0.5583274364471436,0.0,95.16494297981262
164,164,natural_pg,trpo_paper,trpo_paper,Hopper-v5,mujoco,2,1,1.0,164170165,1001431,3472,3472,12,1,861.4247974078173,149.33313217820887,288.4305875576037,861.4247974078173,149.33313217820887,288.4305875576037,223.26646423339844,223.3311309814453,nan,nan,2.1850571632385254,0.00042956694960594177,nan,2.247187614440918,nan,nan,nan,nan,94.75309300422668,0.5575873851776123,0.0,95.31068444252014
165,165,natural_pg,trpo_paper,trpo_paper,Hopper-v5,mujoco,2,1,1.0,165171340,1001175,3463,3463,12,1,863.8664753690605,150.3608591740831,289.10626624314176,863.8664753690605,150.3608591740831,289.10626624314176,223.515869140625,223.59146118164062,nan,nan,2.1831459999084473,0.0005168786155991256,nan,2.098511219024658,nan,nan,nan,nan,94.65041828155518,0.5562191009521484,0.0,95.20664191246033
166,166,natural_pg,trpo_paper,trpo_paper,Hopper-v5,mujoco,2,1,1.0,166173200,1001860,3473,3473,12,1,863.2262228490107,148.69251837964106,288.471062482004,863.2262228490107,148.69251837964106,288.471062482004,223.6854248046875,223.7570343017578,nan,nan,2.1792354583740234,0.0004735168186016381,nan,2.3724846839904785,nan,nan,nan,nan,94.55427527427673,0.5607476234436035,0.0,95.11502742767334
167,167,natural_pg,trpo_paper,trpo_paper,Hopper-v5,mujoco,2,1,1.0,167175262,1002062,3485,3485,12,1,862.9551012895929,143.1132798628973,287.53572453371595,862.9551012895929,143.1132798628973,287.53572453371595,224.10845947265625,224.16363525390625,nan,nan,2.174297332763672,0.0003552815178409219,nan,2.2590513229370117,nan,nan,nan,nan,95.06425333023071,0.5571978092193604,0.0,95.62145566940308
168,168,natural_pg,trpo_paper,trpo_paper,Hopper-v5,mujoco,2,1,1.0,168177525,1002263,3485,3485,12,1,863.8717670058466,142.20719058009556,287.593400286944,863.8717670058466,142.20719058009556,287.593400286944,224.28912353515625,224.34561157226562,nan,nan,2.1713132858276367,0.0003738823579624295,nan,2.1018216609954834,nan,nan,nan,nan,94.75304889678955,0.5566451549530029,0.0,95.30971217155457
169,169,natural_pg,trpo_paper,trpo_paper,Hopper-v5,mujoco,2,1,1.0,169179821,1002296,3511,3511,12,1,858.53556631164,142.59516548512903,285.47308459128453,858.53556631164,142.59516548512903,285.47308459128453,224.0880126953125,224.14894104003906,nan,nan,2.17726469039917,0.0004084104730281979,nan,2.0346217155456543,nan,nan,nan,nan,94.52856397628784,0.5612304210662842,0.0,95.08979916572571
170,170,natural_pg,trpo_paper,trpo_paper,Hopper-v5,mujoco,2,1,1.0,170181919,1002098,3483,3483,12,1,865.995788471754,145.02002293630008,287.71116853287396,865.995788471754,145.02002293630008,287.71116853287396,224.8828125,224.94236755371094,nan,nan,2.1747913360595703,0.00039582792669534683,nan,2.195183515548706,nan,nan,nan,nan,94.68055605888367,0.5579440593719482,0.0,95.23850440979004
171,171,natural_pg,trpo_paper,trpo_paper,Hopper-v5,mujoco,2,1,1.0,171183432,1001513,3442,3442,12,1,875.98616191706,147.2399805056412,290.96833236490414,875.98616191706,147.2399805056412,290.96833236490414,225.7153778076172,225.78399658203125,nan,nan,2.1635560989379883,0.00045774318277835846,nan,2.232612133026123,nan,nan,nan,nan,94.77905821800232,0.5559570789337158,0.0,95.33501958847046
172,172,natural_pg,trpo_paper,trpo_paper,Hopper-v5,mujoco,2,1,1.0,172184974,1001542,3499,3499,12,1,864.7381345236557,142.84237600534146,286.2366390397256,864.7381345236557,142.84237600534146,286.2366390397256,225.405029296875,225.47146606445312,nan,nan,2.15714693069458,0.00042468393803574145,nan,2.556436777114868,nan,nan,nan,nan,94.38327097892761,0.5572562217712402,0.0,94.94053292274475
173,173,natural_pg,trpo_paper,trpo_paper,Hopper-v5,mujoco,2,1,1.0,173186078,1001104,3514,3514,12,1,861.8135631202758,143.48136594631114,284.8901536710302,861.8135631202758,143.48136594631114,284.8901536710302,225.36366271972656,225.414794921875,nan,nan,2.1569151878356934,0.000333453033817932,nan,2.0570690631866455,nan,nan,nan,nan,94.39842915534973,0.5577151775360107,0.0,94.95614814758301
174,174,natural_pg,trpo_paper,trpo_paper,Hopper-v5,mujoco,2,1,1.0,174187722,1001644,3488,3488,12,1,869.3185675082264,143.3114201164084,287.16857798165137,869.3185675082264,143.3114201164084,287.16857798165137,226.07949829101562,226.1417999267578,nan,nan,2.157332181930542,0.00040849627112038434,nan,2.3426594734191895,nan,nan,nan,nan,94.49745798110962,0.5575127601623535,0.0,95.05497527122498
175,175,natural_pg,trpo_paper,trpo_paper,Hopper-v5,mujoco,2,1,1.0,175189847,1002125,3463,3463,12,1,877.389465701143,142.05019874521636,289.380594859948,877.389465701143,142.05019874521636,289.380594859948,227.0327911376953,227.09776306152344,nan,nan,2.1498827934265137,0.00045341585064306855,nan,1.8365181684494019,nan,nan,nan,nan,94.45106554031372,0.5608525276184082,0.0015141963958740234,95.01343727111816
176,176,natural_pg,trpo_paper,trpo_paper,Hopper-v5,mujoco,2,1,1.0,176192016,1002169,3438,3438,12,1,882.1824860312081,144.54785393566195,291.4976730657359,882.1824860312081,144.54785393566195,291.4976730657359,227.06539916992188,227.12802124023438,nan,nan,2.1444976329803467,0.00042175615089945495,nan,2.1011722087860107,nan,nan,nan,nan,94.42591381072998,0.5571472644805908,0.0,94.98306560516357
177,177,natural_pg,trpo_paper,trpo_paper,Hopper-v5,mujoco,2,1,1.0,177193991,1001975,3437,3437,12,1,883.2257712151659,144.65330576077045,291.52604015129475,883.2257712151659,144.65330576077045,291.52604015129475,227.3453826904297,227.40652465820312,nan,nan,2.138546943664551,0.0004034237063024193,nan,2.1847848892211914,nan,nan,nan,nan,94.64005494117737,0.5589101314544678,0.0,95.19896960258484
178,178,natural_pg,trpo_paper,trpo_paper,Hopper-v5,mujoco,2,1,1.0,178195980,1001989,3482,3482,12,1,874.4156613404272,145.7901177900272,287.76249282021826,874.4156613404272,145.7901177900272,287.76249282021826,227.1620635986328,227.22296142578125,nan,nan,2.1375842094421387,0.0004110235604457557,nan,2.138054370880127,nan,nan,nan,nan,94.6180648803711,0.5584297180175781,0.0,95.17649936676025
179,179,natural_pg,trpo_paper,trpo_paper,Hopper-v5,mujoco,2,1,1.0,179197516,1001536,3451,3451,12,1,883.616635306303,139.68379801373106,290.2161692263112,883.616635306303,139.68379801373106,290.2161692263112,228.21231079101562,228.26966857910156,nan,nan,2.1290197372436523,0.00038886451511643827,nan,2.005143165588379,nan,nan,nan,nan,94.87160468101501,0.5653591156005859,0.0,95.43696904182434
180,180,natural_pg,trpo_paper,trpo_paper,Hopper-v5,mujoco,2,1,1.0,180199066,1001550,3460,3460,12,1,880.5216603728751,141.13061809134297,289.4653179190751,880.5216603728751,141.13061809134297,289.4653179190751,227.80535888671875,227.87063598632812,nan,nan,2.1189026832580566,0.0004380690515972674,nan,2.054149627685547,nan,nan,nan,nan,94.57325530052185,0.5584805011749268,0.0,95.13174033164978
181,181,natural_pg,trpo_paper,trpo_paper,Hopper-v5,mujoco,2,1,1.0,181200363,1001297,3451,3451,12,1,885.4423390895349,137.53619371304978,290.146913937989,885.4423390895349,137.53619371304978,290.146913937989,228.73158264160156,228.78915405273438,nan,nan,2.122337818145752,0.0003943267511203885,nan,1.857784628868103,nan,nan,nan,nan,94.36657691001892,0.5585761070251465,0.0,94.92515826225281
182,182,natural_pg,trpo_paper,trpo_paper,Hopper-v5,mujoco,2,1,1.0,182201858,1001495,3463,3463,12,1,882.557644093354,139.77536286597925,289.1986716719607,882.557644093354,139.77536286597925,289.1986716719607,228.51608276367188,228.57846069335938,nan,nan,2.124485731124878,0.00042798594222404063,nan,1.9493396282196045,nan,nan,nan,nan,94.65819501876831,0.5610847473144531,0.0,95.21928405761719
183,183,natural_pg,trpo_paper,trpo_paper,Hopper-v5,mujoco,2,1,1.0,183203639,1001781,3448,3448,12,1,886.4608402119464,140.4985437845788,290.5397331786543,886.4608402119464,140.4985437845788,290.5397331786543,228.7843475341797,228.84646606445312,nan,nan,2.1169023513793945,0.00041867102845571935,nan,2.2290918827056885,nan,nan,nan,nan,94.3448576927185,0.5690741539001465,0.0,94.91393685340881
184,184,natural_pg,trpo_paper,trpo_paper,Hopper-v5,mujoco,2,1,1.0,184204906,1001267,3440,3440,12,1,888.4254533971579,142.09449529094036,291.06598837209305,888.4254533971579,142.09449529094036,291.06598837209305,229.01670837402344,229.07679748535156,nan,nan,2.1072089672088623,0.0003925971395801753,nan,2.2568843364715576,nan,nan,nan,nan,94.26617074012756,0.5576741695404053,0.0,94.82385015487671
185,185,natural_pg,trpo_paper,trpo_paper,Hopper-v5,mujoco,2,1,1.0,185206483,1001577,3436,3436,12,1,890.8978388589015,138.16712455401273,291.4950523864959,890.8978388589015,138.16712455401273,291.4950523864959,229.40370178222656,229.4586944580078,nan,nan,2.110339403152466,0.0003737057850230485,nan,1.899165391921997,nan,nan,nan,nan,94.43418622016907,0.5706219673156738,0.0,95.00481390953064
186,186,natural_pg,trpo_paper,trpo_paper,Hopper-v5,mujoco,2,1,1.0,186208054,1001571,3463,3463,12,1,885.4236408412718,139.3535221196835,289.2206179613052,885.4236408412718,139.3535221196835,289.2206179613052,229.2941436767578,229.35369873046875,nan,nan,2.1021909713745117,0.0003940122842323035,nan,2.131819486618042,nan,nan,nan,nan,94.87703919410706,0.5574932098388672,0.0,95.4345371723175
187,187,natural_pg,trpo_paper,trpo_paper,Hopper-v5,mujoco,2,1,1.0,187209994,1001940,3468,3468,12,1,883.5172163998894,140.87068467640592,288.9100346020761,883.5172163998894,140.87068467640592,288.9100346020761,228.93716430664062,229.00845336914062,nan,nan,2.106714963912964,0.00047638657269999385,nan,2.131704330444336,nan,nan,nan,nan,94.50438690185547,0.562737226486206,0.0,95.067129611969
188,188,natural_pg,trpo_paper,trpo_paper,Hopper-v5,mujoco,2,1,1.0,188212597,1002603,3399,3399,12,1,902.4163910563943,143.812105963915,294.9699911738747,902.4163910563943,143.812105963915,294.9699911738747,230.55577087402344,230.61264038085938,nan,nan,2.1151113510131836,0.00037919788155704737,nan,2.099762439727783,nan,nan,nan,nan,94.43869733810425,0.5595080852508545,0.0,94.99821019172668
189,189,natural_pg,trpo_paper,trpo_paper,Hopper-v5,mujoco,2,1,1.0,189214606,1002009,3402,3402,12,1,900.8307775952268,138.66697431706285,294.5352733686067,900.8307775952268,138.66697431706285,294.5352733686067,230.33255004882812,230.38540649414062,nan,nan,2.109663724899292,0.00034759019035845995,nan,2.111565589904785,nan,nan,nan,nan,94.54412508010864,0.5614397525787354,0.0,95.1055703163147
190,190,natural_pg,trpo_paper,trpo_paper,Hopper-v5,mujoco,2,1,1.0,190216238,1001632,3366,3366,12,1,910.9259177262691,142.2401679313236,297.57338086749854,910.9259177262691,142.2401679313236,297.57338086749854,231.294189453125,231.35653686523438,nan,nan,2.103637933731079,0.00042230376857332885,nan,2.027141571044922,nan,nan,nan,nan,94.2276930809021,0.5581948757171631,0.0,94.78589248657227
191,191,natural_pg,trpo_paper,trpo_paper,Hopper-v5,mujoco,2,1,1.0,191217527,1001289,3325,3325,12,1,919.8199170252398,148.4379530839717,301.13954887218046,919.8199170252398,148.4379530839717,301.13954887218046,231.608642578125,231.69126892089844,nan,nan,2.104205369949341,0.0005559992277994752,nan,2.395075559616089,nan,nan,nan,nan,94.42743730545044,0.5614070892333984,0.0,94.98884892463684
192,192,natural_pg,trpo_paper,trpo_paper,Hopper-v5,mujoco,2,1,1.0,192218978,1001451,3328,3328,12,1,919.0549657294937,154.12135606994715,300.9167668269231,919.0549657294937,154.12135606994715,300.9167668269231,231.55099487304688,231.6118927001953,nan,nan,2.1032910346984863,0.0004125156265217811,nan,1.9345759153366089,nan,nan,nan,nan,94.66467714309692,0.5732946395874023,0.0,95.23797750473022
193,193,natural_pg,trpo_paper,trpo_paper,Hopper-v5,mujoco,2,1,1.0,193220226,1001248,3336,3336,12,1,918.3739225761345,151.22432701874033,300.13429256594725,918.3739225761345,151.22432701874033,300.13429256594725,231.7931365966797,231.84359741210938,nan,nan,2.1022403240203857,0.0003398229891899973,nan,1.8955342769622803,nan,nan,nan,nan,94.81785774230957,0.5597512722015381,0.0,95.37761378288269
194,194,natural_pg,trpo_paper,trpo_paper,Hopper-v5,mujoco,2,1,1.0,194222125,1001899,3332,3332,12,1,920.8760322992994,149.1492461236565,300.68997599039614,920.8760322992994,149.1492461236565,300.68997599039614,232.17149353027344,232.2365264892578,nan,nan,2.1013436317443848,0.0004461320349946618,nan,2.0632903575897217,nan,nan,nan,nan,94.23205018043518,0.5626175403594971,0.0,94.79467225074768
195,195,natural_pg,trpo_paper,trpo_paper,Hopper-v5,mujoco,2,1,1.0,195223930,1001805,3327,3327,12,1,922.300973230153,150.1895167998058,301.1136158701533,922.300973230153,150.1895167998058,301.1136158701533,232.33724975585938,232.41250610351562,nan,nan,2.0920042991638184,0.0005010072491131723,nan,2.4758858680725098,nan,nan,nan,nan,94.41435742378235,0.5648102760314941,0.0,94.979172706604
196,196,natural_pg,trpo_paper,trpo_paper,Hopper-v5,mujoco,2,1,1.0,196225450,1001520,3292,3292,12,1,931.0918798408106,155.4495814361683,304.228432563791,931.0918798408106,155.4495814361683,304.228432563791,232.8642578125,232.92112731933594,nan,nan,2.08227276802063,0.00039145819027908146,nan,1.86358642578125,nan,nan,nan,nan,94.31088161468506,0.5637502670288086,0.0,94.87463641166687
197,197,natural_pg,trpo_paper,trpo_paper,Hopper-v5,mujoco,2,1,1.0,197226697,1001247,3299,3299,12,1,929.2613954065203,150.60909873772067,303.5001515610791,929.2613954065203,150.60909873772067,303.5001515610791,232.7548828125,232.80882263183594,nan,nan,2.079058885574341,0.0003587240062188357,nan,2.1020143032073975,nan,nan,nan,nan,94.31488704681396,0.5663588047027588,0.0,94.88125085830688
198,198,natural_pg,trpo_paper,trpo_paper,Hopper-v5,mujoco,2,1,1.0,198228864,1002167,3304,3304,12,1,929.6899778553017,149.41572362417384,303.3193099273608,929.6899778553017,149.41572362417384,303.3193099273608,232.9595947265625,233.0140380859375,nan,nan,2.0670671463012695,0.0003628259291872382,nan,2.008915424346924,nan,nan,nan,nan,94.36388564109802,0.5612173080444336,0.0,94.92510795593262
199,199,natural_pg,trpo_paper,trpo_paper,Hopper-v5,mujoco,2,1,1.0,199230789,1001925,3275,3275,12,1,938.0863550139961,146.87010319452634,305.9312977099237,938.0863550139961,146.87010319452634,305.9312977099237,233.65655517578125,233.71234130859375,nan,nan,2.0648183822631836,0.00037652268656529486,nan,1.9212560653686523,nan,nan,nan,nan,94.3715763092041,0.5607218742370605,0.0,94.93230319023132
200,200,natural_pg,trpo_paper,trpo_paper,Hopper-v5,mujoco,2,1,1.0,200232670,1001881,3270,3270,12,1,939.6327921295214,149.75915670341922,306.385626911315,939.6327921295214,149.75915670341922,306.385626911315,233.81163024902344,233.87677001953125,nan,nan,2.067134380340576,0.0004364338528830558,nan,2.1644582748413086,nan,nan,nan,nan,94.35315775871277,0.566387414932251,0.0015041828155517578,94.92105484008789
