index,epoch,train_return_mean_mean,train_return_mean_std,num_seeds,label,env_id
0,1,355.6455696202532,,1,TRPO,ALE/BeamRider-v5
1,2,353.873417721519,,1,TRPO,ALE/BeamRider-v5
2,3,384.3636363636364,,1,TRPO,ALE/BeamRider-v5
3,4,405.1428571428572,,1,TRPO,ALE/BeamRider-v5
4,5,407.10526315789474,,1,TRPO,ALE/BeamRider-v5
5,6,409.8181818181818,,1,TRPO,ALE/BeamRider-v5
6,7,417.6,,1,TRPO,ALE/BeamRider-v5
7,8,433.2987012987013,,1,TRPO,ALE/BeamRider-v5
8,9,430.42105263157896,,1,TRPO,ALE/BeamRider-v5
9,10,437.0133333333333,,1,TRPO,ALE/BeamRider-v5
10,11,443.2105263157895,,1,TRPO,ALE/BeamRider-v5
11,12,487.55555555555554,,1,TRPO,ALE/BeamRider-v5
12,13,472.26666666666665,,1,TRPO,ALE/BeamRider-v5
13,14,494.7397260273973,,1,TRPO,ALE/BeamRider-v5
14,15,509.42857142857144,,1,TRPO,ALE/BeamRider-v5
15,16,478.24657534246575,,1,TRPO,ALE/BeamRider-v5
16,17,498.1971830985915,,1,TRPO,ALE/BeamRider-v5
17,18,454.85,,1,TRPO,ALE/BeamRider-v5
18,19,457.62025316455697,,1,TRPO,ALE/BeamRider-v5
19,20,499.3972602739726,,1,TRPO,ALE/BeamRider-v5
20,21,528.169014084507,,1,TRPO,ALE/BeamRider-v5
21,22,471.5844155844156,,1,TRPO,ALE/BeamRider-v5
22,23,479.62666666666667,,1,TRPO,ALE/BeamRider-v5
23,24,490.56,,1,TRPO,ALE/BeamRider-v5
24,25,520.6760563380282,,1,TRPO,ALE/BeamRider-v5
25,26,478.44444444444446,,1,TRPO,ALE/BeamRider-v5
26,27,476.6842105263158,,1,TRPO,ALE/BeamRider-v5
27,28,505.07042253521126,,1,TRPO,ALE/BeamRider-v5
28,29,504.8450704225352,,1,TRPO,ALE/BeamRider-v5
29,30,478.6315789473685,,1,TRPO,ALE/BeamRider-v5
30,31,478.7945205479452,,1,TRPO,ALE/BeamRider-v5
31,32,476.05405405405406,,1,TRPO,ALE/BeamRider-v5
32,33,516.1142857142858,,1,TRPO,ALE/BeamRider-v5
33,34,449.67088607594934,,1,TRPO,ALE/BeamRider-v5
34,35,506.7397260273973,,1,TRPO,ALE/BeamRider-v5
35,36,457.2266666666667,,1,TRPO,ALE/BeamRider-v5
36,37,465.2631578947368,,1,TRPO,ALE/BeamRider-v5
37,38,469.9220779220779,,1,TRPO,ALE/BeamRider-v5
38,39,484.6753246753247,,1,TRPO,ALE/BeamRider-v5
39,40,509.8591549295774,,1,TRPO,ALE/BeamRider-v5
40,41,465.8181818181818,,1,TRPO,ALE/BeamRider-v5
41,42,464.20512820512823,,1,TRPO,ALE/BeamRider-v5
42,43,521.2957746478874,,1,TRPO,ALE/BeamRider-v5
43,44,485.4871794871795,,1,TRPO,ALE/BeamRider-v5
44,45,474.6842105263158,,1,TRPO,ALE/BeamRider-v5
45,46,496.58666666666664,,1,TRPO,ALE/BeamRider-v5
46,47,486.886075949367,,1,TRPO,ALE/BeamRider-v5
47,48,472.1012658227848,,1,TRPO,ALE/BeamRider-v5
48,49,471.42105263157896,,1,TRPO,ALE/BeamRider-v5
49,50,453.1794871794872,,1,TRPO,ALE/BeamRider-v5
50,51,530.6666666666666,,1,TRPO,ALE/BeamRider-v5
51,52,468.57894736842104,,1,TRPO,ALE/BeamRider-v5
52,53,513.2777777777778,,1,TRPO,ALE/BeamRider-v5
53,54,521.9718309859155,,1,TRPO,ALE/BeamRider-v5
54,55,469.8082191780822,,1,TRPO,ALE/BeamRider-v5
55,56,507.0933333333333,,1,TRPO,ALE/BeamRider-v5
56,57,475.42105263157896,,1,TRPO,ALE/BeamRider-v5
57,58,479.1891891891891,,1,TRPO,ALE/BeamRider-v5
58,59,466.5128205128205,,1,TRPO,ALE/BeamRider-v5
59,60,493.86301369863014,,1,TRPO,ALE/BeamRider-v5
60,61,481.4594594594595,,1,TRPO,ALE/BeamRider-v5
61,62,526.6857142857143,,1,TRPO,ALE/BeamRider-v5
62,63,504.93150684931504,,1,TRPO,ALE/BeamRider-v5
63,64,478.0,,1,TRPO,ALE/BeamRider-v5
64,65,481.5263157894737,,1,TRPO,ALE/BeamRider-v5
65,66,476.3243243243243,,1,TRPO,ALE/BeamRider-v5
66,67,486.88,,1,TRPO,ALE/BeamRider-v5
67,68,513.027027027027,,1,TRPO,ALE/BeamRider-v5
68,69,500.2191780821918,,1,TRPO,ALE/BeamRider-v5
69,70,491.5135135135135,,1,TRPO,ALE/BeamRider-v5
70,71,502.29333333333335,,1,TRPO,ALE/BeamRider-v5
71,72,487.68831168831167,,1,TRPO,ALE/BeamRider-v5
72,73,516.2666666666667,,1,TRPO,ALE/BeamRider-v5
73,74,551.4666666666667,,1,TRPO,ALE/BeamRider-v5
74,75,544.3333333333334,,1,TRPO,ALE/BeamRider-v5
75,76,559.2222222222222,,1,TRPO,ALE/BeamRider-v5
76,77,510.3684210526315,,1,TRPO,ALE/BeamRider-v5
77,78,530.6666666666666,,1,TRPO,ALE/BeamRider-v5
78,79,530.3157894736842,,1,TRPO,ALE/BeamRider-v5
79,80,538.1333333333333,,1,TRPO,ALE/BeamRider-v5
80,81,557.1111111111111,,1,TRPO,ALE/BeamRider-v5
81,82,548.2222222222222,,1,TRPO,ALE/BeamRider-v5
82,83,555.1111111111111,,1,TRPO,ALE/BeamRider-v5
83,84,577.8888888888889,,1,TRPO,ALE/BeamRider-v5
84,85,549.44,,1,TRPO,ALE/BeamRider-v5
85,86,552.9444444444445,,1,TRPO,ALE/BeamRider-v5
86,87,568.1666666666666,,1,TRPO,ALE/BeamRider-v5
87,88,542.7368421052631,,1,TRPO,ALE/BeamRider-v5
88,89,542.5555555555555,,1,TRPO,ALE/BeamRider-v5
89,90,551.5616438356165,,1,TRPO,ALE/BeamRider-v5
90,91,594.0845070422536,,1,TRPO,ALE/BeamRider-v5
91,92,585.8591549295775,,1,TRPO,ALE/BeamRider-v5
92,93,561.2972972972973,,1,TRPO,ALE/BeamRider-v5
93,94,573.5342465753424,,1,TRPO,ALE/BeamRider-v5
94,95,578.1714285714286,,1,TRPO,ALE/BeamRider-v5
95,96,534.3466666666667,,1,TRPO,ALE/BeamRider-v5
96,97,541.4736842105264,,1,TRPO,ALE/BeamRider-v5
97,98,586.8493150684932,,1,TRPO,ALE/BeamRider-v5
98,99,579.7260273972603,,1,TRPO,ALE/BeamRider-v5
99,100,557.6438356164383,,1,TRPO,ALE/BeamRider-v5
100,101,551.7866666666666,,1,TRPO,ALE/BeamRider-v5
101,102,563.0555555555555,,1,TRPO,ALE/BeamRider-v5
102,103,557.917808219178,,1,TRPO,ALE/BeamRider-v5
103,104,585.3333333333334,,1,TRPO,ALE/BeamRider-v5
104,105,563.5555555555555,,1,TRPO,ALE/BeamRider-v5
105,106,565.4054054054054,,1,TRPO,ALE/BeamRider-v5
106,107,548.169014084507,,1,TRPO,ALE/BeamRider-v5
107,108,582.6478873239437,,1,TRPO,ALE/BeamRider-v5
108,109,564.7777777777778,,1,TRPO,ALE/BeamRider-v5
109,110,549.76,,1,TRPO,ALE/BeamRider-v5
110,111,568.5555555555555,,1,TRPO,ALE/BeamRider-v5
111,112,595.6,,1,TRPO,ALE/BeamRider-v5
112,113,609.4285714285714,,1,TRPO,ALE/BeamRider-v5
113,114,581.7222222222222,,1,TRPO,ALE/BeamRider-v5
114,115,594.0845070422536,,1,TRPO,ALE/BeamRider-v5
115,116,586.8888888888889,,1,TRPO,ALE/BeamRider-v5
116,117,586.5555555555555,,1,TRPO,ALE/BeamRider-v5
117,118,620.1194029850747,,1,TRPO,ALE/BeamRider-v5
118,119,611.9411764705883,,1,TRPO,ALE/BeamRider-v5
119,120,615.5223880597015,,1,TRPO,ALE/BeamRider-v5
120,121,556.1066666666667,,1,TRPO,ALE/BeamRider-v5
121,122,622.6865671641791,,1,TRPO,ALE/BeamRider-v5
122,123,592.7428571428571,,1,TRPO,ALE/BeamRider-v5
123,124,574.7222222222222,,1,TRPO,ALE/BeamRider-v5
124,125,619.5223880597015,,1,TRPO,ALE/BeamRider-v5
125,126,595.3714285714286,,1,TRPO,ALE/BeamRider-v5
126,127,585.0704225352113,,1,TRPO,ALE/BeamRider-v5
127,128,588.6285714285714,,1,TRPO,ALE/BeamRider-v5
128,129,599.4857142857143,,1,TRPO,ALE/BeamRider-v5
129,130,623.1176470588235,,1,TRPO,ALE/BeamRider-v5
130,131,628.6666666666666,,1,TRPO,ALE/BeamRider-v5
131,132,622.2424242424242,,1,TRPO,ALE/BeamRider-v5
132,133,631.4117647058823,,1,TRPO,ALE/BeamRider-v5
133,134,614.2089552238806,,1,TRPO,ALE/BeamRider-v5
134,135,644.4375,,1,TRPO,ALE/BeamRider-v5
135,136,608.1764705882352,,1,TRPO,ALE/BeamRider-v5
136,137,606.5671641791045,,1,TRPO,ALE/BeamRider-v5
137,138,634.3030303030303,,1,TRPO,ALE/BeamRider-v5
138,139,610.3768115942029,,1,TRPO,ALE/BeamRider-v5
139,140,576.0,,1,TRPO,ALE/BeamRider-v5
140,141,591.1176470588235,,1,TRPO,ALE/BeamRider-v5
141,142,587.2222222222222,,1,TRPO,ALE/BeamRider-v5
142,143,602.3768115942029,,1,TRPO,ALE/BeamRider-v5
143,144,587.4782608695652,,1,TRPO,ALE/BeamRider-v5
144,145,607.887323943662,,1,TRPO,ALE/BeamRider-v5
145,146,585.6438356164383,,1,TRPO,ALE/BeamRider-v5
146,147,590.8732394366198,,1,TRPO,ALE/BeamRider-v5
147,148,632.4848484848485,,1,TRPO,ALE/BeamRider-v5
148,149,619.2835820895523,,1,TRPO,ALE/BeamRider-v5
149,150,600.9142857142857,,1,TRPO,ALE/BeamRider-v5
150,151,584.9411764705883,,1,TRPO,ALE/BeamRider-v5
151,152,616.776119402985,,1,TRPO,ALE/BeamRider-v5
152,153,627.1641791044776,,1,TRPO,ALE/BeamRider-v5
153,154,606.7246376811594,,1,TRPO,ALE/BeamRider-v5
154,155,604.5142857142857,,1,TRPO,ALE/BeamRider-v5
155,156,647.1044776119403,,1,TRPO,ALE/BeamRider-v5
156,157,607.5882352941177,,1,TRPO,ALE/BeamRider-v5
157,158,619.5757575757576,,1,TRPO,ALE/BeamRider-v5
158,159,595.2112676056338,,1,TRPO,ALE/BeamRider-v5
159,160,589.1428571428571,,1,TRPO,ALE/BeamRider-v5
160,161,584.5633802816901,,1,TRPO,ALE/BeamRider-v5
161,162,624.5294117647059,,1,TRPO,ALE/BeamRider-v5
162,163,582.5714285714286,,1,TRPO,ALE/BeamRider-v5
163,164,611.3432835820895,,1,TRPO,ALE/BeamRider-v5
164,165,602.8571428571429,,1,TRPO,ALE/BeamRider-v5
165,166,586.1917808219179,,1,TRPO,ALE/BeamRider-v5
166,167,597.3521126760563,,1,TRPO,ALE/BeamRider-v5
167,168,591.5492957746479,,1,TRPO,ALE/BeamRider-v5
168,169,629.0,,1,TRPO,ALE/BeamRider-v5
169,170,598.0,,1,TRPO,ALE/BeamRider-v5
170,171,594.0289855072464,,1,TRPO,ALE/BeamRider-v5
171,172,583.7142857142857,,1,TRPO,ALE/BeamRider-v5
172,173,623.7014925373135,,1,TRPO,ALE/BeamRider-v5
173,174,604.231884057971,,1,TRPO,ALE/BeamRider-v5
174,175,604.1142857142858,,1,TRPO,ALE/BeamRider-v5
175,176,650.5,,1,TRPO,ALE/BeamRider-v5
176,177,630.276923076923,,1,TRPO,ALE/BeamRider-v5
177,178,625.7971014492754,,1,TRPO,ALE/BeamRider-v5
178,179,652.4057971014493,,1,TRPO,ALE/BeamRider-v5
179,180,596.2857142857143,,1,TRPO,ALE/BeamRider-v5
180,181,579.8888888888889,,1,TRPO,ALE/BeamRider-v5
181,182,570.5555555555555,,1,TRPO,ALE/BeamRider-v5
182,183,574.5555555555555,,1,TRPO,ALE/BeamRider-v5
183,184,640.2424242424242,,1,TRPO,ALE/BeamRider-v5
184,185,603.3424657534247,,1,TRPO,ALE/BeamRider-v5
185,186,632.5797101449275,,1,TRPO,ALE/BeamRider-v5
186,187,602.8985507246376,,1,TRPO,ALE/BeamRider-v5
187,188,611.4857142857143,,1,TRPO,ALE/BeamRider-v5
188,189,661.4153846153846,,1,TRPO,ALE/BeamRider-v5
189,190,586.5882352941177,,1,TRPO,ALE/BeamRider-v5
190,191,614.8169014084507,,1,TRPO,ALE/BeamRider-v5
191,192,620.1142857142858,,1,TRPO,ALE/BeamRider-v5
192,193,589.5,,1,TRPO,ALE/BeamRider-v5
193,194,618.2941176470588,,1,TRPO,ALE/BeamRider-v5
194,195,629.6716417910447,,1,TRPO,ALE/BeamRider-v5
195,196,631.7014925373135,,1,TRPO,ALE/BeamRider-v5
196,197,590.0,,1,TRPO,ALE/BeamRider-v5
197,198,595.8857142857142,,1,TRPO,ALE/BeamRider-v5
198,199,588.4507042253521,,1,TRPO,ALE/BeamRider-v5
199,200,606.4788732394367,,1,TRPO,ALE/BeamRider-v5
200,201,623.8823529411765,,1,TRPO,ALE/BeamRider-v5
201,202,581.5652173913044,,1,TRPO,ALE/BeamRider-v5
202,203,582.082191780822,,1,TRPO,ALE/BeamRider-v5
203,204,598.9142857142857,,1,TRPO,ALE/BeamRider-v5
204,205,639.820895522388,,1,TRPO,ALE/BeamRider-v5
205,206,588.918918918919,,1,TRPO,ALE/BeamRider-v5
206,207,607.1304347826087,,1,TRPO,ALE/BeamRider-v5
207,208,625.2941176470588,,1,TRPO,ALE/BeamRider-v5
208,209,643.6470588235294,,1,TRPO,ALE/BeamRider-v5
209,210,682.2222222222222,,1,TRPO,ALE/BeamRider-v5
210,211,591.0285714285715,,1,TRPO,ALE/BeamRider-v5
211,212,615.7101449275362,,1,TRPO,ALE/BeamRider-v5
212,213,579.2777777777778,,1,TRPO,ALE/BeamRider-v5
213,214,615.3142857142857,,1,TRPO,ALE/BeamRider-v5
214,215,603.4626865671642,,1,TRPO,ALE/BeamRider-v5
215,216,636.0588235294117,,1,TRPO,ALE/BeamRider-v5
216,217,640.0,,1,TRPO,ALE/BeamRider-v5
217,218,576.9014084507043,,1,TRPO,ALE/BeamRider-v5
218,219,599.0555555555555,,1,TRPO,ALE/BeamRider-v5
219,220,584.5633802816901,,1,TRPO,ALE/BeamRider-v5
220,221,619.7611940298508,,1,TRPO,ALE/BeamRider-v5
221,222,590.6478873239437,,1,TRPO,ALE/BeamRider-v5
222,223,591.9444444444445,,1,TRPO,ALE/BeamRider-v5
223,224,593.3142857142857,,1,TRPO,ALE/BeamRider-v5
224,225,605.5072463768116,,1,TRPO,ALE/BeamRider-v5
225,226,612.927536231884,,1,TRPO,ALE/BeamRider-v5
226,227,592.3380281690141,,1,TRPO,ALE/BeamRider-v5
227,228,619.3623188405797,,1,TRPO,ALE/BeamRider-v5
228,229,667.8181818181819,,1,TRPO,ALE/BeamRider-v5
229,230,591.7746478873239,,1,TRPO,ALE/BeamRider-v5
230,231,610.5142857142857,,1,TRPO,ALE/BeamRider-v5
231,232,614.1111111111111,,1,TRPO,ALE/BeamRider-v5
232,233,643.5294117647059,,1,TRPO,ALE/BeamRider-v5
233,234,630.0289855072464,,1,TRPO,ALE/BeamRider-v5
234,235,596.8333333333334,,1,TRPO,ALE/BeamRider-v5
235,236,613.3521126760563,,1,TRPO,ALE/BeamRider-v5
236,237,634.2285714285714,,1,TRPO,ALE/BeamRider-v5
237,238,635.5294117647059,,1,TRPO,ALE/BeamRider-v5
238,239,618.9565217391304,,1,TRPO,ALE/BeamRider-v5
239,240,607.768115942029,,1,TRPO,ALE/BeamRider-v5
240,241,622.1714285714286,,1,TRPO,ALE/BeamRider-v5
241,242,648.6060606060606,,1,TRPO,ALE/BeamRider-v5
242,243,593.3888888888889,,1,TRPO,ALE/BeamRider-v5
243,244,592.7671232876712,,1,TRPO,ALE/BeamRider-v5
244,245,645.4117647058823,,1,TRPO,ALE/BeamRider-v5
245,246,602.9859154929577,,1,TRPO,ALE/BeamRider-v5
246,247,611.5068493150685,,1,TRPO,ALE/BeamRider-v5
247,248,662.0289855072464,,1,TRPO,ALE/BeamRider-v5
248,249,612.4571428571429,,1,TRPO,ALE/BeamRider-v5
249,250,621.2173913043479,,1,TRPO,ALE/BeamRider-v5
250,251,631.3239436619718,,1,TRPO,ALE/BeamRider-v5
251,252,622.8571428571429,,1,TRPO,ALE/BeamRider-v5
252,253,629.2173913043479,,1,TRPO,ALE/BeamRider-v5
253,254,625.7971014492754,,1,TRPO,ALE/BeamRider-v5
254,255,617.9718309859155,,1,TRPO,ALE/BeamRider-v5
255,256,595.4929577464789,,1,TRPO,ALE/BeamRider-v5
256,257,628.3582089552239,,1,TRPO,ALE/BeamRider-v5
257,258,593.1267605633802,,1,TRPO,ALE/BeamRider-v5
258,259,606.5507246376811,,1,TRPO,ALE/BeamRider-v5
259,260,608.5633802816901,,1,TRPO,ALE/BeamRider-v5
260,261,572.7887323943662,,1,TRPO,ALE/BeamRider-v5
261,262,618.0,,1,TRPO,ALE/BeamRider-v5
262,263,606.0281690140845,,1,TRPO,ALE/BeamRider-v5
263,264,605.081081081081,,1,TRPO,ALE/BeamRider-v5
264,265,648.6376811594203,,1,TRPO,ALE/BeamRider-v5
265,266,618.3428571428572,,1,TRPO,ALE/BeamRider-v5
266,267,607.2222222222222,,1,TRPO,ALE/BeamRider-v5
267,268,617.7058823529412,,1,TRPO,ALE/BeamRider-v5
268,269,640.7536231884058,,1,TRPO,ALE/BeamRider-v5
269,270,599.3424657534247,,1,TRPO,ALE/BeamRider-v5
270,271,613.9710144927536,,1,TRPO,ALE/BeamRider-v5
271,272,589.6666666666666,,1,TRPO,ALE/BeamRider-v5
272,273,629.1267605633802,,1,TRPO,ALE/BeamRider-v5
273,274,567.2533333333333,,1,TRPO,ALE/BeamRider-v5
274,275,595.943661971831,,1,TRPO,ALE/BeamRider-v5
275,276,599.8356164383562,,1,TRPO,ALE/BeamRider-v5
276,277,593.3521126760563,,1,TRPO,ALE/BeamRider-v5
277,278,617.5652173913044,,1,TRPO,ALE/BeamRider-v5
278,279,552.578947368421,,1,TRPO,ALE/BeamRider-v5
279,280,635.4029850746268,,1,TRPO,ALE/BeamRider-v5
280,281,599.4366197183099,,1,TRPO,ALE/BeamRider-v5
281,282,617.7391304347826,,1,TRPO,ALE/BeamRider-v5
282,283,595.7777777777778,,1,TRPO,ALE/BeamRider-v5
283,284,607.0588235294117,,1,TRPO,ALE/BeamRider-v5
284,285,642.2608695652174,,1,TRPO,ALE/BeamRider-v5
285,286,599.943661971831,,1,TRPO,ALE/BeamRider-v5
286,287,607.1111111111111,,1,TRPO,ALE/BeamRider-v5
287,288,643.1428571428571,,1,TRPO,ALE/BeamRider-v5
288,289,621.2941176470588,,1,TRPO,ALE/BeamRider-v5
289,290,626.3880597014926,,1,TRPO,ALE/BeamRider-v5
290,291,631.1884057971015,,1,TRPO,ALE/BeamRider-v5
291,292,592.169014084507,,1,TRPO,ALE/BeamRider-v5
292,293,619.1764705882352,,1,TRPO,ALE/BeamRider-v5
293,294,589.4647887323944,,1,TRPO,ALE/BeamRider-v5
294,295,628.2777777777778,,1,TRPO,ALE/BeamRider-v5
295,296,605.4647887323944,,1,TRPO,ALE/BeamRider-v5
296,297,610.3428571428572,,1,TRPO,ALE/BeamRider-v5
297,298,604.9714285714285,,1,TRPO,ALE/BeamRider-v5
298,299,631.3529411764706,,1,TRPO,ALE/BeamRider-v5
299,300,622.1408450704225,,1,TRPO,ALE/BeamRider-v5
0,1,367.0422535211268,,1,PPO,ALE/BeamRider-v5
1,2,370.4109589041096,,1,PPO,ALE/BeamRider-v5
2,3,353.14285714285717,,1,PPO,ALE/BeamRider-v5
3,4,381.7837837837838,,1,PPO,ALE/BeamRider-v5
4,5,415.7260273972603,,1,PPO,ALE/BeamRider-v5
5,6,416.61971830985914,,1,PPO,ALE/BeamRider-v5
6,7,421.05555555555554,,1,PPO,ALE/BeamRider-v5
7,8,409.5890410958904,,1,PPO,ALE/BeamRider-v5
8,9,430.6666666666667,,1,PPO,ALE/BeamRider-v5
9,10,434.0869565217391,,1,PPO,ALE/BeamRider-v5
10,11,439.4054054054054,,1,PPO,ALE/BeamRider-v5
11,12,439.45205479452056,,1,PPO,ALE/BeamRider-v5
12,13,441.6,,1,PPO,ALE/BeamRider-v5
13,14,452.3428571428571,,1,PPO,ALE/BeamRider-v5
14,15,505.6716417910447,,1,PPO,ALE/BeamRider-v5
15,16,454.55555555555554,,1,PPO,ALE/BeamRider-v5
16,17,440.7567567567568,,1,PPO,ALE/BeamRider-v5
17,18,426.9189189189189,,1,PPO,ALE/BeamRider-v5
18,19,481.2352941176471,,1,PPO,ALE/BeamRider-v5
19,20,444.0,,1,PPO,ALE/BeamRider-v5
20,21,497.48571428571427,,1,PPO,ALE/BeamRider-v5
21,22,492.3380281690141,,1,PPO,ALE/BeamRider-v5
22,23,486.36619718309856,,1,PPO,ALE/BeamRider-v5
23,24,504.45714285714286,,1,PPO,ALE/BeamRider-v5
24,25,518.5294117647059,,1,PPO,ALE/BeamRider-v5
25,26,517.1176470588235,,1,PPO,ALE/BeamRider-v5
26,27,476.5070422535211,,1,PPO,ALE/BeamRider-v5
27,28,502.8985507246377,,1,PPO,ALE/BeamRider-v5
28,29,511.44444444444446,,1,PPO,ALE/BeamRider-v5
29,30,493.55555555555554,,1,PPO,ALE/BeamRider-v5
30,31,483.41333333333336,,1,PPO,ALE/BeamRider-v5
31,32,505.9428571428571,,1,PPO,ALE/BeamRider-v5
32,33,523.5942028985507,,1,PPO,ALE/BeamRider-v5
33,34,510.11764705882354,,1,PPO,ALE/BeamRider-v5
34,35,508.2857142857143,,1,PPO,ALE/BeamRider-v5
35,36,510.0571428571429,,1,PPO,ALE/BeamRider-v5
36,37,559.2727272727273,,1,PPO,ALE/BeamRider-v5
37,38,562.875,,1,PPO,ALE/BeamRider-v5
38,39,536.3582089552239,,1,PPO,ALE/BeamRider-v5
39,40,542.4705882352941,,1,PPO,ALE/BeamRider-v5
40,41,537.9130434782609,,1,PPO,ALE/BeamRider-v5
41,42,503.28767123287673,,1,PPO,ALE/BeamRider-v5
42,43,505.4246575342466,,1,PPO,ALE/BeamRider-v5
43,44,540.5882352941177,,1,PPO,ALE/BeamRider-v5
44,45,559.5625,,1,PPO,ALE/BeamRider-v5
45,46,543.7714285714286,,1,PPO,ALE/BeamRider-v5
46,47,526.2857142857143,,1,PPO,ALE/BeamRider-v5
47,48,546.0307692307692,,1,PPO,ALE/BeamRider-v5
48,49,551.1884057971015,,1,PPO,ALE/BeamRider-v5
49,50,556.3582089552239,,1,PPO,ALE/BeamRider-v5
50,51,560.060606060606,,1,PPO,ALE/BeamRider-v5
51,52,581.1076923076923,,1,PPO,ALE/BeamRider-v5
52,53,527.0985915492957,,1,PPO,ALE/BeamRider-v5
53,54,549.9104477611941,,1,PPO,ALE/BeamRider-v5
54,55,546.4705882352941,,1,PPO,ALE/BeamRider-v5
55,56,583.2,,1,PPO,ALE/BeamRider-v5
56,57,549.5428571428571,,1,PPO,ALE/BeamRider-v5
57,58,556.5373134328358,,1,PPO,ALE/BeamRider-v5
58,59,544.8484848484849,,1,PPO,ALE/BeamRider-v5
59,60,536.8955223880597,,1,PPO,ALE/BeamRider-v5
60,61,584.5538461538462,,1,PPO,ALE/BeamRider-v5
61,62,573.5522388059702,,1,PPO,ALE/BeamRider-v5
62,63,590.6875,,1,PPO,ALE/BeamRider-v5
63,64,546.2352941176471,,1,PPO,ALE/BeamRider-v5
64,65,564.7384615384616,,1,PPO,ALE/BeamRider-v5
65,66,565.2923076923076,,1,PPO,ALE/BeamRider-v5
66,67,617.8709677419355,,1,PPO,ALE/BeamRider-v5
67,68,557.7313432835821,,1,PPO,ALE/BeamRider-v5
68,69,589.9375,,1,PPO,ALE/BeamRider-v5
69,70,607.6825396825396,,1,PPO,ALE/BeamRider-v5
70,71,583.3432835820895,,1,PPO,ALE/BeamRider-v5
71,72,565.5384615384615,,1,PPO,ALE/BeamRider-v5
72,73,605.75,,1,PPO,ALE/BeamRider-v5
73,74,604.2539682539683,,1,PPO,ALE/BeamRider-v5
74,75,591.2258064516129,,1,PPO,ALE/BeamRider-v5
75,76,586.1212121212121,,1,PPO,ALE/BeamRider-v5
76,77,561.7058823529412,,1,PPO,ALE/BeamRider-v5
77,78,572.1764705882352,,1,PPO,ALE/BeamRider-v5
78,79,628.4516129032259,,1,PPO,ALE/BeamRider-v5
79,80,591.875,,1,PPO,ALE/BeamRider-v5
80,81,599.625,,1,PPO,ALE/BeamRider-v5
81,82,635.5555555555555,,1,PPO,ALE/BeamRider-v5
82,83,612.75,,1,PPO,ALE/BeamRider-v5
83,84,659.8644067796611,,1,PPO,ALE/BeamRider-v5
84,85,629.6774193548387,,1,PPO,ALE/BeamRider-v5
85,86,595.6875,,1,PPO,ALE/BeamRider-v5
86,87,633.7704918032787,,1,PPO,ALE/BeamRider-v5
87,88,611.0322580645161,,1,PPO,ALE/BeamRider-v5
88,89,572.5454545454545,,1,PPO,ALE/BeamRider-v5
89,90,611.0,,1,PPO,ALE/BeamRider-v5
90,91,584.4923076923077,,1,PPO,ALE/BeamRider-v5
91,92,655.9354838709677,,1,PPO,ALE/BeamRider-v5
92,93,597.1176470588235,,1,PPO,ALE/BeamRider-v5
93,94,613.6507936507936,,1,PPO,ALE/BeamRider-v5
94,95,616.969696969697,,1,PPO,ALE/BeamRider-v5
95,96,629.625,,1,PPO,ALE/BeamRider-v5
96,97,652.8888888888889,,1,PPO,ALE/BeamRider-v5
97,98,652.7741935483871,,1,PPO,ALE/BeamRider-v5
98,99,635.8730158730159,,1,PPO,ALE/BeamRider-v5
99,100,628.3125,,1,PPO,ALE/BeamRider-v5
100,101,629.0322580645161,,1,PPO,ALE/BeamRider-v5
101,102,654.0983606557377,,1,PPO,ALE/BeamRider-v5
102,103,609.1176470588235,,1,PPO,ALE/BeamRider-v5
103,104,618.4,,1,PPO,ALE/BeamRider-v5
104,105,661.8305084745763,,1,PPO,ALE/BeamRider-v5
105,106,672.8125,,1,PPO,ALE/BeamRider-v5
106,107,681.4666666666667,,1,PPO,ALE/BeamRider-v5
107,108,613.6119402985074,,1,PPO,ALE/BeamRider-v5
108,109,715.5862068965517,,1,PPO,ALE/BeamRider-v5
109,110,652.625,,1,PPO,ALE/BeamRider-v5
110,111,653.5151515151515,,1,PPO,ALE/BeamRider-v5
111,112,673.0322580645161,,1,PPO,ALE/BeamRider-v5
112,113,770.0363636363636,,1,PPO,ALE/BeamRider-v5
113,114,718.4561403508771,,1,PPO,ALE/BeamRider-v5
114,115,736.9333333333333,,1,PPO,ALE/BeamRider-v5
115,116,676.375,,1,PPO,ALE/BeamRider-v5
116,117,686.3492063492064,,1,PPO,ALE/BeamRider-v5
117,118,747.0,,1,PPO,ALE/BeamRider-v5
118,119,743.8620689655172,,1,PPO,ALE/BeamRider-v5
119,120,749.8666666666667,,1,PPO,ALE/BeamRider-v5
120,121,703.0322580645161,,1,PPO,ALE/BeamRider-v5
121,122,739.2131147540983,,1,PPO,ALE/BeamRider-v5
122,123,691.9354838709677,,1,PPO,ALE/BeamRider-v5
123,124,765.5737704918033,,1,PPO,ALE/BeamRider-v5
124,125,760.9333333333333,,1,PPO,ALE/BeamRider-v5
125,126,720.5714285714286,,1,PPO,ALE/BeamRider-v5
126,127,733.3770491803278,,1,PPO,ALE/BeamRider-v5
127,128,846.3448275862069,,1,PPO,ALE/BeamRider-v5
128,129,758.2068965517242,,1,PPO,ALE/BeamRider-v5
129,130,739.1746031746031,,1,PPO,ALE/BeamRider-v5
130,131,749.125,,1,PPO,ALE/BeamRider-v5
131,132,748.8135593220339,,1,PPO,ALE/BeamRider-v5
132,133,773.6271186440678,,1,PPO,ALE/BeamRider-v5
133,134,743.9375,,1,PPO,ALE/BeamRider-v5
134,135,793.7931034482758,,1,PPO,ALE/BeamRider-v5
135,136,818.6666666666666,,1,PPO,ALE/BeamRider-v5
136,137,791.2542372881356,,1,PPO,ALE/BeamRider-v5
137,138,805.0344827586207,,1,PPO,ALE/BeamRider-v5
138,139,864.7857142857143,,1,PPO,ALE/BeamRider-v5
139,140,786.4516129032259,,1,PPO,ALE/BeamRider-v5
140,141,845.5,,1,PPO,ALE/BeamRider-v5
141,142,851.0175438596491,,1,PPO,ALE/BeamRider-v5
142,143,836.542372881356,,1,PPO,ALE/BeamRider-v5
143,144,904.9285714285714,,1,PPO,ALE/BeamRider-v5
144,145,904.7272727272727,,1,PPO,ALE/BeamRider-v5
145,146,808.2033898305085,,1,PPO,ALE/BeamRider-v5
146,147,780.6,,1,PPO,ALE/BeamRider-v5
147,148,833.5172413793103,,1,PPO,ALE/BeamRider-v5
148,149,863.438596491228,,1,PPO,ALE/BeamRider-v5
149,150,838.2372881355932,,1,PPO,ALE/BeamRider-v5
150,151,889.5438596491229,,1,PPO,ALE/BeamRider-v5
151,152,896.561403508772,,1,PPO,ALE/BeamRider-v5
152,153,906.1481481481482,,1,PPO,ALE/BeamRider-v5
153,154,915.0370370370372,,1,PPO,ALE/BeamRider-v5
154,155,918.3157894736842,,1,PPO,ALE/BeamRider-v5
155,156,953.4814814814816,,1,PPO,ALE/BeamRider-v5
156,157,1031.1538461538462,,1,PPO,ALE/BeamRider-v5
157,158,956.8,,1,PPO,ALE/BeamRider-v5
158,159,989.1636363636364,,1,PPO,ALE/BeamRider-v5
159,160,1054.5384615384614,,1,PPO,ALE/BeamRider-v5
160,161,998.181818181818,,1,PPO,ALE/BeamRider-v5
161,162,1056.9811320754718,,1,PPO,ALE/BeamRider-v5
162,163,1014.8888888888888,,1,PPO,ALE/BeamRider-v5
163,164,1112.75,,1,PPO,ALE/BeamRider-v5
164,165,892.7017543859649,,1,PPO,ALE/BeamRider-v5
165,166,1042.5098039215686,,1,PPO,ALE/BeamRider-v5
166,167,973.1636363636364,,1,PPO,ALE/BeamRider-v5
167,168,1064.16,,1,PPO,ALE/BeamRider-v5
168,169,997.2592592592592,,1,PPO,ALE/BeamRider-v5
169,170,1031.1538461538462,,1,PPO,ALE/BeamRider-v5
170,171,1012.9230769230768,,1,PPO,ALE/BeamRider-v5
171,172,1085.92,,1,PPO,ALE/BeamRider-v5
172,173,1003.2727272727273,,1,PPO,ALE/BeamRider-v5
173,174,1150.4347826086955,,1,PPO,ALE/BeamRider-v5
174,175,1001.3584905660376,,1,PPO,ALE/BeamRider-v5
175,176,1110.64,,1,PPO,ALE/BeamRider-v5
176,177,1139.0833333333333,,1,PPO,ALE/BeamRider-v5
177,178,1208.1666666666667,,1,PPO,ALE/BeamRider-v5
178,179,1034.0,,1,PPO,ALE/BeamRider-v5
179,180,1140.1632653061224,,1,PPO,ALE/BeamRider-v5
180,181,1229.6521739130435,,1,PPO,ALE/BeamRider-v5
181,182,1172.851063829787,,1,PPO,ALE/BeamRider-v5
182,183,1061.4615384615386,,1,PPO,ALE/BeamRider-v5
183,184,1234.468085106383,,1,PPO,ALE/BeamRider-v5
184,185,1214.6382978723404,,1,PPO,ALE/BeamRider-v5
185,186,1150.0833333333333,,1,PPO,ALE/BeamRider-v5
186,187,1260.3636363636365,,1,PPO,ALE/BeamRider-v5
187,188,1322.139534883721,,1,PPO,ALE/BeamRider-v5
188,189,1340.190476190476,,1,PPO,ALE/BeamRider-v5
189,190,1279.304347826087,,1,PPO,ALE/BeamRider-v5
190,191,1313.2444444444443,,1,PPO,ALE/BeamRider-v5
191,192,1237.7021276595744,,1,PPO,ALE/BeamRider-v5
192,193,1218.2608695652175,,1,PPO,ALE/BeamRider-v5
193,194,1319.911111111111,,1,PPO,ALE/BeamRider-v5
194,195,1293.0666666666666,,1,PPO,ALE/BeamRider-v5
195,196,1336.8181818181818,,1,PPO,ALE/BeamRider-v5
196,197,1236.4444444444443,,1,PPO,ALE/BeamRider-v5
197,198,1274.212765957447,,1,PPO,ALE/BeamRider-v5
198,199,1300.2608695652175,,1,PPO,ALE/BeamRider-v5
199,200,1302.5454545454545,,1,PPO,ALE/BeamRider-v5
200,201,1355.2727272727273,,1,PPO,ALE/BeamRider-v5
201,202,1305.7391304347825,,1,PPO,ALE/BeamRider-v5
202,203,1340.0,,1,PPO,ALE/BeamRider-v5
203,204,1535.5897435897436,,1,PPO,ALE/BeamRider-v5
204,205,1436.0,,1,PPO,ALE/BeamRider-v5
205,206,1376.9302325581396,,1,PPO,ALE/BeamRider-v5
206,207,1408.5581395348838,,1,PPO,ALE/BeamRider-v5
207,208,1348.1777777777777,,1,PPO,ALE/BeamRider-v5
208,209,1366.439024390244,,1,PPO,ALE/BeamRider-v5
209,210,1453.3658536585365,,1,PPO,ALE/BeamRider-v5
210,211,1448.857142857143,,1,PPO,ALE/BeamRider-v5
211,212,1346.6666666666667,,1,PPO,ALE/BeamRider-v5
212,213,1364.2926829268292,,1,PPO,ALE/BeamRider-v5
213,214,1486.571428571429,,1,PPO,ALE/BeamRider-v5
214,215,1385.7142857142858,,1,PPO,ALE/BeamRider-v5
215,216,1340.3636363636365,,1,PPO,ALE/BeamRider-v5
216,217,1420.5581395348838,,1,PPO,ALE/BeamRider-v5
217,218,1388.4444444444443,,1,PPO,ALE/BeamRider-v5
218,219,1415.0697674418604,,1,PPO,ALE/BeamRider-v5
219,220,1637.5384615384614,,1,PPO,ALE/BeamRider-v5
220,221,1551.85,,1,PPO,ALE/BeamRider-v5
221,222,1422.6666666666667,,1,PPO,ALE/BeamRider-v5
222,223,1450.8292682926829,,1,PPO,ALE/BeamRider-v5
223,224,1454.341463414634,,1,PPO,ALE/BeamRider-v5
224,225,1534.2105263157894,,1,PPO,ALE/BeamRider-v5
225,226,1343.1627906976744,,1,PPO,ALE/BeamRider-v5
226,227,1460.7441860465117,,1,PPO,ALE/BeamRider-v5
227,228,1442.7906976744189,,1,PPO,ALE/BeamRider-v5
228,229,1506.7142857142858,,1,PPO,ALE/BeamRider-v5
229,230,1448.2380952380952,,1,PPO,ALE/BeamRider-v5
230,231,1606.1538461538462,,1,PPO,ALE/BeamRider-v5
231,232,1534.1951219512196,,1,PPO,ALE/BeamRider-v5
232,233,1424.190476190476,,1,PPO,ALE/BeamRider-v5
233,234,1556.0,,1,PPO,ALE/BeamRider-v5
234,235,1677.6315789473683,,1,PPO,ALE/BeamRider-v5
235,236,1637.128205128205,,1,PPO,ALE/BeamRider-v5
236,237,1611.2307692307693,,1,PPO,ALE/BeamRider-v5
237,238,1624.3076923076924,,1,PPO,ALE/BeamRider-v5
238,239,1451.0243902439024,,1,PPO,ALE/BeamRider-v5
239,240,1553.2,,1,PPO,ALE/BeamRider-v5
240,241,1631.4444444444443,,1,PPO,ALE/BeamRider-v5
241,242,1433.9512195121952,,1,PPO,ALE/BeamRider-v5
242,243,1369.9512195121952,,1,PPO,ALE/BeamRider-v5
243,244,1369.860465116279,,1,PPO,ALE/BeamRider-v5
244,245,1486.7619047619048,,1,PPO,ALE/BeamRider-v5
245,246,1486.439024390244,,1,PPO,ALE/BeamRider-v5
246,247,1455.5238095238096,,1,PPO,ALE/BeamRider-v5
247,248,1659.5135135135135,,1,PPO,ALE/BeamRider-v5
248,249,1593.2631578947369,,1,PPO,ALE/BeamRider-v5
249,250,1789.5555555555557,,1,PPO,ALE/BeamRider-v5
250,251,1731.888888888889,,1,PPO,ALE/BeamRider-v5
251,252,1656.3243243243244,,1,PPO,ALE/BeamRider-v5
252,253,1585.2,,1,PPO,ALE/BeamRider-v5
253,254,1594.1025641025642,,1,PPO,ALE/BeamRider-v5
254,255,1541.5,,1,PPO,ALE/BeamRider-v5
255,256,1669.5135135135135,,1,PPO,ALE/BeamRider-v5
256,257,1539.179487179487,,1,PPO,ALE/BeamRider-v5
257,258,1434.0487804878048,,1,PPO,ALE/BeamRider-v5
258,259,1592.820512820513,,1,PPO,ALE/BeamRider-v5
259,260,1612.1,,1,PPO,ALE/BeamRider-v5
260,261,1586.0487804878048,,1,PPO,ALE/BeamRider-v5
261,262,1622.5641025641023,,1,PPO,ALE/BeamRider-v5
262,263,1662.4615384615386,,1,PPO,ALE/BeamRider-v5
263,264,1519.6,,1,PPO,ALE/BeamRider-v5
264,265,1715.842105263158,,1,PPO,ALE/BeamRider-v5
265,266,1509.5238095238096,,1,PPO,ALE/BeamRider-v5
266,267,1631.9024390243903,,1,PPO,ALE/BeamRider-v5
267,268,1505.8461538461538,,1,PPO,ALE/BeamRider-v5
268,269,1556.5128205128206,,1,PPO,ALE/BeamRider-v5
269,270,1707.578947368421,,1,PPO,ALE/BeamRider-v5
270,271,1594.4615384615386,,1,PPO,ALE/BeamRider-v5
271,272,1537.658536585366,,1,PPO,ALE/BeamRider-v5
272,273,1629.6,,1,PPO,ALE/BeamRider-v5
273,274,1704.2162162162165,,1,PPO,ALE/BeamRider-v5
274,275,1701.2222222222222,,1,PPO,ALE/BeamRider-v5
275,276,1628.1025641025642,,1,PPO,ALE/BeamRider-v5
276,277,1605.2307692307693,,1,PPO,ALE/BeamRider-v5
277,278,1556.923076923077,,1,PPO,ALE/BeamRider-v5
278,279,1449.953488372093,,1,PPO,ALE/BeamRider-v5
279,280,1556.8,,1,PPO,ALE/BeamRider-v5
280,281,1644.1538461538462,,1,PPO,ALE/BeamRider-v5
281,282,1786.235294117647,,1,PPO,ALE/BeamRider-v5
282,283,1838.4444444444443,,1,PPO,ALE/BeamRider-v5
283,284,1658.7027027027027,,1,PPO,ALE/BeamRider-v5
284,285,1602.7692307692307,,1,PPO,ALE/BeamRider-v5
285,286,1585.7,,1,PPO,ALE/BeamRider-v5
286,287,1745.5263157894738,,1,PPO,ALE/BeamRider-v5
287,288,1586.7317073170732,,1,PPO,ALE/BeamRider-v5
288,289,1802.6315789473683,,1,PPO,ALE/BeamRider-v5
289,290,1779.8333333333333,,1,PPO,ALE/BeamRider-v5
290,291,1624.6153846153843,,1,PPO,ALE/BeamRider-v5
291,292,1672.3076923076924,,1,PPO,ALE/BeamRider-v5
292,293,1539.0,,1,PPO,ALE/BeamRider-v5
293,294,1475.047619047619,,1,PPO,ALE/BeamRider-v5
294,295,1540.2926829268292,,1,PPO,ALE/BeamRider-v5
295,296,1599.4,,1,PPO,ALE/BeamRider-v5
296,297,1534.439024390244,,1,PPO,ALE/BeamRider-v5
297,298,1725.7894736842106,,1,PPO,ALE/BeamRider-v5
298,299,1774.108108108108,,1,PPO,ALE/BeamRider-v5
299,300,1601.7073170731708,,1,PPO,ALE/BeamRider-v5
